Post_Title,Username,Comment,Date,Score,Period,Bot_Score,Is_Bot,BERT_Sentiment,Confidence,TextBlob_Sentiment,Human_Label,Agreement
"People here who lost their jobs or will lose their jobs due to AI, how do you HONESTLY feel about it?",Freed4ever,hopefully short term pain long term gain thing mean alternative work button year retire maybe year less die,2025-11-17,2,Old,0,False,Neutral,0.5443,Negative,Neutral,False
"People here who lost their jobs or will lose their jobs due to AI, how do you HONESTLY feel about it?",Daskaf129,job replaced hope society made swtich job required know optimistic scenario also live country gonna slow adapting might later sooner get replaced,2025-11-17,1,Old,0,False,Neutral,0.5345,Neutral,Neutral,True
"People here who lost their jobs or will lose their jobs due to AI, how do you HONESTLY feel about it?",PROfromCRO,soon gonna government problem,2025-11-17,1,Old,0,False,Negative,0.6101,Neutral,Negative,False
"People here who lost their jobs or will lose their jobs due to AI, how do you HONESTLY feel about it?",Plenty_Worry_1535,major growing pain humanity eventually adapt whole new cooperative way life think like hunte living technology disposal,2025-11-23,1,Old,1,False,Negative,0.6557,Positive,Negative,False
"People here who lost their jobs or will lose their jobs due to AI, how do you HONESTLY feel about it?",Nearby_Island_1686,lack adoption business process lead data scientist engineer losing job least make title justify existence dont see many job replaced long term honest,2025-11-16,-1,Old,1,False,Negative,0.8167,Positive,Negative,False
"People here who lost their jobs or will lose their jobs due to AI, how do you HONESTLY feel about it?",SufficientDamage9483,factory job job exist know equal number job await,2025-11-18,1,Old,1,False,Neutral,0.6156,Neutral,Neutral,True
"People here who lost their jobs or will lose their jobs due to AI, how do you HONESTLY feel about it?",lost_in_trepidation,seems magical promising livelihood taken away likely retrain year get fraction income going brutal many,2025-11-17,26,Old,0,False,Negative,0.4685,Neutral,Negative,False
"People here who lost their jobs or will lose their jobs due to AI, how do you HONESTLY feel about it?",kb24TBE8,true still coming yeah scape goat general terrible economy outsourcing,2025-11-17,2,Old,0,False,Negative,0.9455,Negative,Negative,True
"People here who lost their jobs or will lose their jobs due to AI, how do you HONESTLY feel about it?",-TheHorst,company laid like workforce included kept small continue project job market as finding job right hell,2026-02-09,1,Old,0,False,Negative,0.7798,Neutral,Negative,False
"People here who lost their jobs or will lose their jobs due to AI, how do you HONESTLY feel about it?",subdep,get good take everyone job point worrying point everything change yeah exactly outcome everything changing probably concern everyone one possible change people get unalived,2025-11-17,5,Old,0,False,Neutral,0.5563,Positive,Neutral,False
"People here who lost their jobs or will lose their jobs due to AI, how do you HONESTLY feel about it?",chlebseby,many job creative though demanding think current work data entry basic reception service normal job people,2025-11-16,2,Old,0,False,Neutral,0.8289,Positive,Neutral,False
"People here who lost their jobs or will lose their jobs due to AI, how do you HONESTLY feel about it?",deleted,yeah currently named dibao know western info minimum living standard china pay government provisioned ubi dibao jobless people,2025-11-17,7,Old,0,False,Neutral,0.5087,Neutral,Neutral,True
"People here who lost their jobs or will lose their jobs due to AI, how do you HONESTLY feel about it?",Stock_Helicopter_260,finance software yes multiple company cutting due specifically whether saying externally least consensus circle,2025-11-17,4,Old,0,False,Neutral,0.8543,Negative,Neutral,False
"People here who lost their jobs or will lose their jobs due to AI, how do you HONESTLY feel about it?",subdep,think concerned planned useless herd humanity think cull using human war cover story get rid fighting age human rest die naturally famine lack health care anarchical violence anyone thinking live peaceful happy artisan lifestyle ubi filled abundance smoking hopium pipe,2025-11-17,12,Old,0,False,Negative,0.8213,Positive,Negative,False
"People here who lost their jobs or will lose their jobs due to AI, how do you HONESTLY feel about it?",HeartsOfDarkness,agnostic intermediate long term development wisdom large market cap company old enough lived dot com bubble burst,2025-11-17,2,Old,0,False,Neutral,0.7229,Neutral,Neutral,True
"People here who lost their jobs or will lose their jobs due to AI, how do you HONESTLY feel about it?",puzzleheadbutbig,lose going lose regardless matter,2025-11-17,6,Old,0,False,Negative,0.58,Neutral,Negative,False
"People here who lost their jobs or will lose their jobs due to AI, how do you HONESTLY feel about it?",JoshAllentown,lack government response would one answer unknown job replaced year government assistance either job particular reason case get another job job everyone job join human resistance movement certainly quietly retire,2025-11-16,4,Old,0,False,Negative,0.6907,Neutral,Negative,False
"People here who lost their jobs or will lose their jobs due to AI, how do you HONESTLY feel about it?",Tricky_Potatoe,well yeah think ask really replaced box amuse anyone,2025-11-16,2,Old,0,False,Neutral,0.5894,Positive,Neutral,False
"People here who lost their jobs or will lose their jobs due to AI, how do you HONESTLY feel about it?",deleted,still air definitely going replace lot repetitive basic service interaction heck could generic voice direction restart device fix half trouble call,2025-11-17,2,Old,0,False,Negative,0.896,Negative,Negative,True
"People here who lost their jobs or will lose their jobs due to AI, how do you HONESTLY feel about it?",Nearby_Island_1686,well well well need personal attack itsan opinion based experience btw say bodycount leave upto put number,2025-11-16,3,Old,1,False,Neutral,0.5354,Neutral,Neutral,True
"People here who lost their jobs or will lose their jobs due to AI, how do you HONESTLY feel about it?",bucolucas,unless something exactly going happen think need make system useless somehow need independently self sufficient way require buy sure going look though,2025-11-17,3,Old,0,False,Negative,0.655,Neutral,Negative,False
"People here who lost their jobs or will lose their jobs due to AI, how do you HONESTLY feel about it?",notgalgon,billionaire dont want live madmax distopia either even charge,2025-11-17,1,Old,0,False,Negative,0.8151,Positive,Negative,False
"People here who lost their jobs or will lose their jobs due to AI, how do you HONESTLY feel about it?",Significant_War720,opinion based fact already huge amount job lost due already,2025-11-17,0,Old,0,False,Negative,0.8909,Positive,Negative,False
"People here who lost their jobs or will lose their jobs due to AI, how do you HONESTLY feel about it?",timmy16744,saying spent year getting education giving education,2025-11-16,8,Old,1,False,Neutral,0.75,Neutral,Neutral,True
"People here who lost their jobs or will lose their jobs due to AI, how do you HONESTLY feel about it?",subdep,well two challenge addressed even close understood theoretically let alone practically first problem containment problem super computer program engineer tight control parameter illustrated fact cyber security massive problem still end sight contain human use computer computer system need secure possibly expect contain super intelligent entity may thinking fine problem would want contain brings second problem alignment problem similar containment problem engineer super grow craft much art form science completely unrealistic expect sort asi grow stay aligned goal people craft mention happens someone grows asi start goal motivation align far stretch imagination envision asi based fundamentalist religion motivated get human comply doctrine even case started asi perfectly aligned interest anyway knowing precisely let alone approximately interpret motivation goal give take back first problem containment problem,2025-11-17,2,Old,0,False,Neutral,0.7078,Positive,Negative,False
Real talk - what’s the future with AI? Had a scare today,o6u2h4n,business analyst think secure customer never able explain need clearly unless customer replaced good,2025-07-29,4,Old,0,False,Negative,0.4843,Positive,Negative,False
Real talk - what’s the future with AI? Had a scare today,TimelySuccess7537,smart pivot something safe like medicine idek safe tbh could nobody know becoming doctor pretty tough country lot people want place exist also take long time count internship could talking year know happens medical profession year going affect well,2025-07-30,1,Old,1,False,Negative,0.6718,Positive,Negative,False
Real talk - what’s the future with AI? Had a scare today,SomeRandomCSGuy,always recommend also focusing developing soft skill engineer personally grow career pretty fast reach senior need able lead project build alignment etc working skill allow engineer stand code monkey future replace coding job human skill still needed thing mentioned pull string execute,2025-07-31,1,Old,0,False,Positive,0.7147,Positive,Positive,True
Real talk - what’s the future with AI? Had a scare today,Ok-Neighborhood2109,laying everybody increase profit make sense paradoxical save money firing one employee large portion worker fired company see massive loss enterprise customer rely consumer spending revenue consumer spending american economy fire everybody get ahead,2025-08-01,1,Old,1,False,Neutral,0.522,Neutral,Neutral,True
Real talk - what’s the future with AI? Had a scare today,GreenBlueStar,hope company realize going help laying engineer instead hire competent leader future honestly bright engineering lot opportunity agentic new interface gen lot cool implementation need engineer sentient lol incompetent leader passing accountability getting rid higher paid folk short term profit look apple many company mass layoff evolving adapting existing employee competent leadership,2025-08-02,1,Old,0,False,Positive,0.5126,Positive,Positive,True
Real talk - what’s the future with AI? Had a scare today,deleted,nope true really marketing hype honestly engineer day hype gotten hand truth great assistive tool going replace people industrial scale mentioned,2025-08-03,1,Old,0,False,Positive,0.6428,Positive,Positive,True
Real talk - what’s the future with AI? Had a scare today,JustMeAndReality,recently team match call hiring manager google talked could help least specific project told already investigated pretty much impossible get really advanced meaning take lot year mind person staffed since google rather take word peer probably clueless disrespect actually happening,2025-07-30,0,Old,0,False,Negative,0.6172,Neutral,Negative,False
Real talk - what’s the future with AI? Had a scare today,PirateNixon,also creates new challenge often area trouble since training data example work security pivoting lot attention agentic threat meaning case agent used attacker exploit speed scale previously unheard bad actor system minute incident lot work fix agent acting behalf bad actor minute potential global outage,2025-07-30,0,Old,0,False,Negative,0.7271,Negative,Negative,True
Real talk - what’s the future with AI? Had a scare today,vert1s,looking forward laid ability compete company one firm sacked competitive advantage,2025-07-30,5,Old,0,False,Neutral,0.718,Negative,Neutral,False
Real talk - what’s the future with AI? Had a scare today,mylons,kind person talking slightly less lot faang use cursor extensively making superhuman sure run wall nothing like spending several hour stackoverflow google freelancing right client kind fucked think one demo ing cursor cushy gig shared screen show something saw agent started asking question using seems like renewing working,2025-07-30,1,Old,0,False,Neutral,0.5081,Positive,Neutral,False
Real talk - what’s the future with AI? Had a scare today,_mini,eventually ceo push blindly fired two year,2025-07-30,1,Old,0,False,Neutral,0.7998,Negative,Neutral,False
Real talk - what’s the future with AI? Had a scare today,deleted,predicting stuff like dotcom boom bust people could predict thing majority investor would gotten money cant predict stuff like even financial institution team phd economist got wrong lot people lost lot money including people expert space also way predict whether get intelligent certainly could stop improving hand somebody somewhere could find next breakthrough asked machine learning community nobody saw transformer based model next big thing mention even hardware space breakthrough could happen would decrease cost maybe right stuck also good possibility let see happens like said nobody crystal ball,2025-07-30,-8,Old,0,False,Negative,0.7035,Positive,Neutral,False
Real talk - what’s the future with AI? Had a scare today,deleted,cope model gold medal international mathematical olympiad year programming fundamentally harder imo say programming far far easier less creative solving imo problem cost using roughly every six month like exact opposite description,2025-07-30,-11,Old,0,False,Neutral,0.5077,Neutral,Neutral,True
Real talk - what’s the future with AI? Had a scare today,foo-bar-nlogn-100,business accounting first job job rule based heavily reliant deterministic outcome applied math first look account receivable account payable optimize business micro level executive function like market planning still away feedback strategy impact captured accounting metric small,2025-07-30,6,Old,0,False,Neutral,0.8342,Neutral,Neutral,True
Real talk - what’s the future with AI? Had a scare today,keyboard_2387,part agree helpful good communicator knowledge business economics quite sure philosophy fit personally enjoy learning well,2025-07-30,3,Old,1,False,Positive,0.9519,Positive,Positive,True
Real talk - what’s the future with AI? Had a scare today,kimmymoorefun,silly happened look google microsoft example outsource software engineer pay someone another country less half price paying someone silicon valley,2025-07-30,3,Old,0,False,Negative,0.6984,Negative,Negative,True
Real talk - what’s the future with AI? Had a scare today,guineverefira,think job first term white collar job,2025-07-30,2,Old,0,False,Neutral,0.7366,Positive,Neutral,False
Real talk - what’s the future with AI? Had a scare today,_Vulkan_,like mba zero tech background like talk shit lay people pump stock max short term gain even dumbest investor realise hit wall matter much money throw back winter two year ceo take golden parachute pretend surprised,2025-07-30,76,Old,0,False,Negative,0.6972,Neutral,Negative,False
Real talk - what’s the future with AI? Had a scare today,No_Statistician7685,part problem though ceo etc think answer everything answer correct today told completely wrong answer absolutely right,2025-07-30,7,Old,1,False,Negative,0.6922,Negative,Negative,True
Real talk - what’s the future with AI? Had a scare today,Personal-Reality9045,understand perspective,2025-07-30,2,Old,1,False,Neutral,0.7938,Neutral,Neutral,True
Real talk - what’s the future with AI? Had a scare today,Personal-Reality9045,disagree demand super senior staff going roof expertise properly wield llm,2025-07-30,1,Old,1,False,Negative,0.5656,Positive,Negative,False
Real talk - what’s the future with AI? Had a scare today,Personal-Reality9045,lol sure vibing corner real fast,2025-07-30,1,Old,1,False,Positive,0.484,Positive,Positive,True
Real talk - what’s the future with AI? Had a scare today,Personal-Reality9045,always going edge move boundary humanity knowledge operate,2025-07-30,1,Old,1,False,Neutral,0.8114,Neutral,Neutral,True
Real talk - what’s the future with AI? Had a scare today,CurReign,except already operating massive loss venture eventually need charge want actually make money,2025-07-30,11,Old,0,False,Negative,0.7337,Neutral,Negative,False
Real talk - what’s the future with AI? Had a scare today,ReasonSure5251,tech deflationary though aws gotten cheaper lately product like office uber adobe suite product example saas offering got cheaper inevitably shifted growth revenue model seems likely smaller competitor get acquired larger one time look offset economic damage done increasing tax even local level water energy thing fewer competitor result higher price right competing establish market share rat race end foresee increase probably higher tax regulation,2025-07-30,18,Old,1,False,Negative,0.5036,Neutral,Negative,False
Real talk - what’s the future with AI? Had a scare today,ScrimpyCat,repeatedly making poor decision added time focusing much business endeavour made come across flight risk overly generalised instead settling specialising one area never gave much thought job take nothing experience stand final nail coffin ended gap due run bad luck covid kept losing every contract got even get start,2025-07-30,1,Old,0,False,Negative,0.9152,Negative,Negative,True
Real talk - what’s the future with AI? Had a scare today,No_Statistician7685,absolutely right apologize mistake great spotted,2025-07-30,31,Old,1,False,Positive,0.5162,Positive,Neutral,True
Real talk - what’s the future with AI? Had a scare today,stockmonkeyking,yes nobody would paying premium model even give benefit doubt mean end improvement take one breakthrough idea much money poured field globally safely assume get much better,2025-07-30,0,Old,0,False,Negative,0.4677,Positive,Negative,False
Real talk - what’s the future with AI? Had a scare today,Personal-Reality9045,holy shit leap claude crazy fix failed unit test flawlessly would endlessly loop opus allows one shot task provided set good coding pattern appropriate reference file third party documentation error handling acceptance criterion setting take time use claude build plan review refine,2025-07-30,0,Old,1,False,Negative,0.5067,Neutral,Negative,False
Real talk - what’s the future with AI? Had a scare today,_TRN_,biggest pet peeve pretend human try take accountability claim suggestion something actually tried chatgpt regularly nowadays like stop pretending fuckup mean anything led project irl absolutely realize lab pre tune model behaviour like make frustrated mistake instead,2025-07-31,1,Old,0,False,Negative,0.8997,Negative,Negative,True
Real talk - what’s the future with AI? Had a scare today,cmckone,alright bos best luck next industry,2025-07-31,2,Old,0,False,Positive,0.9274,Positive,Positive,True
Real talk - what’s the future with AI? Had a scare today,willbdb425,find good knowledge bank assistant god forbid let agent touch code instantly hallucinates gemini claude gpt,2025-07-30,1,Old,0,False,Negative,0.6269,Positive,Negative,False
Real talk - what’s the future with AI? Had a scare today,Special_Rice9539,also ask take job,2025-07-30,1,Old,1,False,Neutral,0.6813,Neutral,Neutral,True
Real talk - what’s the future with AI? Had a scare today,mlYuna,missing point one said replacing every job tomorrow exactly everyone saying though lol half think developer decade browsed sub reality take decade see actual automation software engineering job point already handling million conversation daily chatbots using fucking horrible lol take context supposed make product exist saying replaced every rep yet customer service rep still human call business world email business world seen fact tech amazing adoption scaling take decade yes something like web dev become extremely competitive easy job help web dev adding feature made million time naturally excels much web dev though gonna stay still obviously fall behind field far dead know say said software development whole easily split ticket false true certain part sde,2025-07-30,0,Old,0,False,Negative,0.6892,Neutral,Negative,False
"I am anxious because of AI, please help me",JustDifferentGravy,nobody really know pan certain today pandora box open live anxious state accept control best learn embrace,2023-12-24,7,Old,0,False,Neutral,0.7768,Positive,Neutral,False
"I am anxious because of AI, please help me",deleted,ever heard rokos basilisk,2023-12-24,2,Old,0,False,Neutral,0.8047,Neutral,Neutral,True
"I am anxious because of AI, please help me",KaleidoscopeNormal71,software engineer way handle trying boost work tool think replacement synergy,2023-12-24,2,Old,0,False,Neutral,0.8061,Neutral,Neutral,True
"I am anxious because of AI, please help me",0XOTP,going challenge couple assumption goal argue try help pose several statement worth examining societal level first worry much surpassed basically inevitable already happened several field account speed translator example many way ability recall output transformed information already beyond scope competitiveness necessarily mean bad thing similar pushback field mathematics way back calculator became popularized basically fancy calculator many viewed calculator form cheating opened many area research would unfeasible hand think see similar phenomenon many tedious process calculation automated think human oversight remain important lot field job many occupation need human touch many people using mental health simply affordable mean demand psychotherapy human solution lack genuine empathy important proper mental health assistance think change job innate value human involvement art made cheaply detract sentiment associated physical painting passionate artist teaching affordable match inspiration draw favorite teacher back high school writing fast llm personal message someone shared experience said likely transition phase job transform much ubi solution needed complicated geopolitical issue growing pain reasonable expectation competition business eventually raise bar quality service expect consumer think something fear depressed change value expertise increased understanding use navigate way catalyst many profession necessarily replacement advice find thing passionate put heart always synthetic imitation wish well whatever,2023-12-25,2,Old,0,False,Neutral,0.5866,Neutral,Neutral,True
"I am anxious because of AI, please help me",Category-Basic,technology caused permanent mass unemployment none ever job disappear freeing people job new job invented even conceived today million open unfilled position million adult even looking work learn two thing true time avoid becoming part unemployable class learning learn whole life long embrace may take job someone using might,2023-12-25,2,Old,0,False,Neutral,0.6053,Positive,Neutral,False
"I am anxious because of AI, please help me",WebLinkr,dont yet hype saying coming problem tech keep fcking pretend unicorn status ability tech problem made arrogant tech great marketing teirrible delivery llm failing microsoft losing traffic bing google llm produce nonsense flurry lawsuites around copyrgiht ipr secondly epicenter cosplay forum people visionary sam need pretend one satya need promote one,2023-12-24,2,Old,0,False,Negative,0.8551,Positive,Negative,False
"I am anxious because of AI, please help me",Okidoky123,find incredibly useful see buddy sidekick help answer question achieve,2024-09-03,1,Old,0,False,Positive,0.9706,Positive,Positive,True
"I am anxious because of AI, please help me",deleted,gbt keep saying noninclusive anti nazi writing,2024-09-28,1,Old,0,False,Negative,0.6689,Neutral,Negative,False
"I am anxious because of AI, please help me",Golmburg,care taking job scared killing want live nice full life kill dead literally professional field say fucked scared death making worse like suffocating enough people worrying feel like mainstream medium telling safely waiting till late,2025-01-07,1,Old,0,False,Negative,0.9355,Neutral,Negative,False
"I am anxious because of AI, please help me",Working-Marzipan-914,never give warm hug paint wall play dog take care patient change oil car new tool great potential take role create new one many role need human touch robotics match look profession need human contact suitable automation,2023-12-24,-1,Old,0,False,Neutral,0.6168,Positive,Neutral,False
"I am anxious because of AI, please help me",Tonwot,anxiety year happened many year anxiety well happened yet,2023-12-24,1,Old,0,False,Negative,0.622,Positive,Negative,False
"I am anxious because of AI, please help me",Unbiased-Eye,auto regressive llm never turn agi fundamental architecture close people claim create agi feeding data point well taken though theory ability control manage whatever robotics create reality world full intelligent psychopath people give flying fuck outcome humanity hard manage regardless try regulate technology effectively managing danger super intelligent agi future require unprecedented unanimous global collaboration strictest regulation surveillance severe punishment,2023-12-24,1,Old,0,False,Negative,0.6518,Positive,Negative,False
"I am anxious because of AI, please help me",Primal_Dead,everything going outside,2023-12-24,1,Old,0,False,Neutral,0.8569,Neutral,Neutral,True
"I am anxious because of AI, please help me",DrKeer,take job another human using,2023-12-24,1,Old,0,False,Neutral,0.5622,Neutral,Neutral,True
"I am anxious because of AI, please help me",Affolektric,patient therapist relationship work blueprint client relationship still see replace,2023-12-25,1,Old,0,False,Neutral,0.8581,Neutral,Neutral,True
"I am anxious because of AI, please help me",deleted,listen naval ravikant talk,2023-12-25,1,Old,0,False,Neutral,0.8392,Neutral,Neutral,True
"I am anxious because of AI, please help me",heavy-minium,think caught frenzy least add decade prediction stated think ubi thing cast stone far correlated argument suggest coming soon strong even big tech ceo say something downvoted lot really hate young prople like think future peril people beginning dunning kruger curve understand work use chatgpt make seem like spouting lot nonsense know work take idea generated chatgpt face value share back forth bubble point becoming fully detached reality,2023-12-25,1,Old,0,False,Negative,0.7843,Neutral,Negative,False
"I am anxious because of AI, please help me",JaanaKulmala,psychotherapy bad choice especially work layer modern society lacking even deprived future presence emotion nervous system balance others something keep needing real human,2023-12-25,1,Old,0,False,Negative,0.8126,Neutral,Negative,False
"I am anxious because of AI, please help me",__JockY__,option switch focused computing major best way remove fear gain understanding best way insulate effect leading charge,2023-12-27,1,Old,0,False,Neutral,0.563,Positive,Neutral,False
"I am anxious because of AI, please help me",deleted,yeah still get narrative control already one unleashed control,2024-09-27,1,Old,0,False,Neutral,0.7141,Neutral,Neutral,True
"I am anxious because of AI, please help me",Diphon,see would rather talk therapist talk waay personal shit would human therapist,2023-12-25,2,Old,0,False,Negative,0.8848,Neutral,Negative,False
"I am anxious because of AI, please help me",Beneficial_Value9852,people already asking program use game devs show work,2024-02-24,1,Old,1,False,Neutral,0.832,Negative,Negative,False
"I am anxious because of AI, please help me",deleted,whatever want money get money job,2024-02-26,2,Old,0,False,Neutral,0.6033,Neutral,Neutral,True
"I am anxious because of AI, please help me",Necorin,specific sort control envision government start mass job displacement would turn luddite country would longer able compete maybe right need detail see kind control would implemented,2023-12-24,1,Old,0,False,Negative,0.6143,Positive,Negative,False
"I am anxious because of AI, please help me",Brilliant-Finding-45,true control reaction thing body regulation government whose job supposed controlling thing set legal precedent boundary nothing accept hearing life issue definitely could influenced enough people believed could took action ffs people big mad boomer,2024-07-27,1,Old,0,False,Negative,0.6961,Neutral,Negative,False
"I am anxious because of AI, please help me",xxTJCxx,assume grasp morality trained everything human ever produced see imbued sense morality say incapable original thought prove human ever original thought,2023-12-24,3,Old,0,False,Neutral,0.5854,Positive,Neutral,False
"I am anxious because of AI, please help me",deleted,flat broke afford therapy anymore actually used therapy llm extremely helpful stunned better therapist paid saying become mainstream putting obvious reason fun anecdote lol,2023-12-25,2,Old,0,False,Positive,0.694,Positive,Positive,True
"I am anxious because of AI, please help me",deleted,never give warm hug paint wall play dog take care patient change oil car yet,2023-12-24,3,Old,0,False,Neutral,0.5251,Positive,Neutral,False
"I am anxious because of AI, please help me",JustDifferentGravy,popcorn watching crusade harmonise country regulate wish lot luck,2024-07-27,1,Old,0,False,Neutral,0.5175,Neutral,Neutral,True
"I am anxious because of AI, please help me",TradeBlade,main reason created work cannot copyrighted anything company make using agent become part public domain mean anyone use company work without permission commercial explicit purpose court ruling overturned company completely replace human sort creative branding product based work reason well like uncanny valley fundamental need human connection financial risk rogue model fact model black box typical executive never able fully understand simple less employee profit far greater risk ceo account,2023-12-24,6,Old,0,False,Negative,0.5766,Neutral,Negative,False
"I am anxious because of AI, please help me",JackedMate,nursing chef mechanic carpenter electrician,2024-03-19,1,Old,0,False,Neutral,0.7776,Neutral,Neutral,True
"I am anxious because of AI, please help me",Beneficial_Value9852,question rephrase people posted clip game people like wow amazing long take learn blende unity say cool generation bro everyone think content us way dismiss creativity hard work year learning kid ask tool using cool man,2024-02-25,1,Old,1,False,Positive,0.833,Neutral,Negative,False
"I am anxious because of AI, please help me",TradeBlade,extremely limiting company built around creating defensible every tech medium company applies software design physical product spec architectural design automobile design chemical structure protein structure video image educational material book video game branding marketing material right anything generated model becomes public domain court decide much human contribution necessary bring back copyright company us agent design work risk stripped future take many many year court sort ceo take kind risk,2023-12-25,4,Old,0,False,Neutral,0.7433,Positive,Negative,False
"I am anxious because of AI, please help me",ichishibe,imagine problem outsourcing labour usually tends lower quality else would point also assuming either capable human task currently make sense lay entire staff currently example company appearing write article chatgpt sure happening already honesty going compete right market share different issue cost cutting eye article making money regardless wrote,2023-12-24,1,Old,0,False,Neutral,0.6066,Neutral,Neutral,True
I'm honestly scared AI is going to make my role redundant in less than 2 years. How are people future-proofing your jobs?,MoodFearless6771,try use something make feel better half time translate document correctly,2026-04-15,14,Recent,1,False,Positive,0.4951,Positive,Positive,True
I'm honestly scared AI is going to make my role redundant in less than 2 years. How are people future-proofing your jobs?,ramtough_63,everyone forgetting human factor nefarious skilled individual using fear bilk billion global economy within minute would way worried capability pivot employment strategy matter much thought made thats house payment due setting never ending cycle skimming thing get worse harder track way autonomous robot bust say everybody floor hold,2026-04-15,7,Recent,0,False,Negative,0.7731,Neutral,Negative,False
I'm honestly scared AI is going to make my role redundant in less than 2 years. How are people future-proofing your jobs?,Dear-Practice4239,spent year graphic design marketing job either gone hundred applicant going supply dwindling least two third graduate class technical college work time career pivot love physical health taking prerequisite local community college become physical therapy assistant pay good job plentiful background even admin physical therapy office well need arise many people know going trade well stay old industry pivoting hard better constant strain potentially losing position continues take hold,2026-04-15,6,Recent,1,False,Positive,0.5695,Neutral,Negative,False
I'm honestly scared AI is going to make my role redundant in less than 2 years. How are people future-proofing your jobs?,Dat_Speed,seeing company lay essential worker recently save money causing company fail rapidly idiot management want crash ship nothing get crash,2026-04-15,6,Recent,0,False,Negative,0.9191,Negative,Negative,True
I'm honestly scared AI is going to make my role redundant in less than 2 years. How are people future-proofing your jobs?,Successful-Escape-74,provide value think tool use increase value organization cannot except maybe job place cap tube toothpaste like charlie chocolate factory,2026-04-15,2,Recent,0,False,Neutral,0.8021,Neutral,Neutral,True
I'm honestly scared AI is going to make my role redundant in less than 2 years. How are people future-proofing your jobs?,Serious-Meeting6725,product fear real taking strategic shift right stepping back leadership deep engineering want use want understand control stack temporary pause long term gain,2026-04-15,1,Recent,1,False,Neutral,0.6566,Neutral,Neutral,True
I'm honestly scared AI is going to make my role redundant in less than 2 years. How are people future-proofing your jobs?,pivotcareer,related copypasta future proof college value doom post everyday employer career require bachelor yeah college valuable professional career engineer nurse lawyer license practice personally know millennials associate ged degree working fortune individual director level salaried course exceptional rule see username major economics mid career healthcare finance technology sale consulting probably pivot enough experience major longer matter majority career bachelor degree checkbox job application relevant hard soft skill network experience really matter learn hard skill online free constant change work technology company backed solution front office physically meet client job cannot outsourced india replaced yet anyway safest path cannot replaced foreseeable future soft skilled relationship professional service sale consultant lobbyist lawyer politician executive physical skilled labor bedside nurse trade sanitation fireman artisan rich getting richer want human experience patek philippe watchmaker ferrari mechanic michelin starred chef boutique artist,2026-04-15,1,Recent,0,False,Neutral,0.7751,Positive,Neutral,False
I'm honestly scared AI is going to make my role redundant in less than 2 years. How are people future-proofing your jobs?,Terrible_Law6091,taking multiple remote job time way one job go one stream income invest income get year investment take take,2026-04-16,1,Recent,1,False,Neutral,0.8251,Neutral,Neutral,True
I'm honestly scared AI is going to make my role redundant in less than 2 years. How are people future-proofing your jobs?,ParkingDriver6683,unfortunately build system company adopted strategy revolving around staff risk since lot role revolve around communication management busy work partner expect done next month instructed build second brain supposed replace system currently built process realized quite effective building automated probably time come like around jenga tower start collapsing go assumption become competent surely certainly scary time employed,2026-04-18,1,Recent,1,False,Negative,0.7542,Neutral,Negative,False
I'm honestly scared AI is going to make my role redundant in less than 2 years. How are people future-proofing your jobs?,Fastest_light,never worry fear thing cannot control always way ahead person,2026-04-15,1,Recent,0,False,Neutral,0.5416,Neutral,Neutral,True
I'm honestly scared AI is going to make my role redundant in less than 2 years. How are people future-proofing your jobs?,Dotjiff,answer wrong need embrace try hide avoid using using software engineering since leaving coworkers try ignore dust adopted tool engineering organizing thought making documentation asking business advice budgeting finance legal course make sure prompt correctly iterate edit result think assistant got nowhere near level expertise senior help good work use right year ago never get hired know word excel learn use definitely fine job market business venture,2026-04-15,1,Recent,0,False,Negative,0.5289,Positive,Negative,False
I'm honestly scared AI is going to make my role redundant in less than 2 years. How are people future-proofing your jobs?,this-is-me-reddit,lobby representative tax profit learn use replaces know,2026-04-15,1,Recent,0,False,Neutral,0.7766,Neutral,Neutral,True
I'm honestly scared AI is going to make my role redundant in less than 2 years. How are people future-proofing your jobs?,Gold-Guidance-6430,damn need wake lol job safe,2026-04-19,0,Recent,1,False,Neutral,0.5327,Positive,Neutral,False
I'm honestly scared AI is going to make my role redundant in less than 2 years. How are people future-proofing your jobs?,jessedoasjessedoes4,feel like skill mentioned fit perfectly quality assurance role pharma med device give sense relief thanks mama,2026-04-15,2,Recent,0,False,Positive,0.8797,Positive,Positive,True
I'm honestly scared AI is going to make my role redundant in less than 2 years. How are people future-proofing your jobs?,scrantonparkour,yea get piece action billionaire politician always pump stock market,2026-04-15,4,Recent,0,False,Negative,0.6446,Neutral,Negative,False
I'm honestly scared AI is going to make my role redundant in less than 2 years. How are people future-proofing your jobs?,bumlove,guarantee always going way though,2026-04-15,2,Recent,0,False,Neutral,0.7762,Neutral,Neutral,True
I'm honestly scared AI is going to make my role redundant in less than 2 years. How are people future-proofing your jobs?,itmustbeniiiiice,impressed limit realize fix whatever error made,2026-04-15,1,Recent,0,False,Negative,0.8664,Positive,Negative,False
I'm honestly scared AI is going to make my role redundant in less than 2 years. How are people future-proofing your jobs?,SloppyJank,buddy hate break critically outsourcing remote capable role going replaced much faster,2026-04-15,9,Recent,0,False,Negative,0.8268,Neutral,Negative,False
I'm honestly scared AI is going to make my role redundant in less than 2 years. How are people future-proofing your jobs?,West-Cupcake561,remote role lol tick tock dear,2026-04-15,2,Recent,0,False,Neutral,0.6189,Positive,Negative,False
I'm honestly scared AI is going to make my role redundant in less than 2 years. How are people future-proofing your jobs?,SupermansSocks6,collapse society know people job dying shitty job work think replaced get replaced usefull demand people pay yes even doctor job money money care good thing could happen fail massively stop,2026-04-15,3,Recent,0,False,Negative,0.9,Neutral,Negative,False
I'm honestly scared AI is going to make my role redundant in less than 2 years. How are people future-proofing your jobs?,CatsNSquirrels,yep one oldest people company one woman know older handful older men,2026-04-15,3,Recent,0,False,Neutral,0.8552,Positive,Neutral,False
I'm honestly scared AI is going to make my role redundant in less than 2 years. How are people future-proofing your jobs?,Beautiful-Staff-3124,wild youre building thing replace math doesnt work anyone long term automate job who left buy stuff system supposed support whole tower fall,2026-04-18,1,Recent,1,False,Negative,0.8305,Neutral,Negative,False
I'm honestly scared AI is going to make my role redundant in less than 2 years. How are people future-proofing your jobs?,ColoringZebra,burying head sand really good alternative,2026-04-15,1,Recent,0,False,Positive,0.4394,Positive,Positive,True
I'm honestly scared AI is going to make my role redundant in less than 2 years. How are people future-proofing your jobs?,ColoringZebra,people said thing automation outsourcing certain area tech right,2026-04-15,1,Recent,0,False,Neutral,0.8547,Positive,Negative,False
I'm honestly scared AI is going to make my role redundant in less than 2 years. How are people future-proofing your jobs?,PicklePilfer,fun story previous company whole corporate excitement push group people volunteered spent insane volume time learning developing scaling tool taught use company took tool laid every single one including people led charge,2026-04-15,2,Recent,0,False,Positive,0.8741,Negative,Positive,False
I'm honestly scared AI is going to make my role redundant in less than 2 years. How are people future-proofing your jobs?,Manhwaddict27,expertise really passion,2026-04-15,1,Recent,0,False,Positive,0.6463,Positive,Positive,True
I'm honestly scared AI is going to make my role redundant in less than 2 years. How are people future-proofing your jobs?,MamaCareerGuru,possibly know know year answer different based context circumstance point time maybe different opportunity created widespread usage also trickle effect usually take longer people think need money buy labor market homogenous across globe poorer part global work economy older generation may reject usage especially risk averse industry takeover still long way sometimes feel better plan control within life work especially industry seeing change offering,2026-04-15,8,Recent,0,False,Neutral,0.8198,Neutral,Positive,True
I'm honestly scared AI is going to make my role redundant in less than 2 years. How are people future-proofing your jobs?,Keep_ThingsReal,shaping corporate implemented regardless harm anyone else work putting work increasing growth yes probably limit new hire theory probably would role without gain allowed industry surviving economy everyone understands need pivot pushing someone else succeed dramatic monologue make feel better seriousness though agree trade offs make someone stupid embracing stupid would letting child starve unemployed virtue signal nuanced evolution,2026-04-15,-1,Recent,0,False,Neutral,0.6163,Negative,Neutral,False
I'm honestly scared AI is going to make my role redundant in less than 2 years. How are people future-proofing your jobs?,Significant_Slip_428,fucking dark company nowhere started huge push towards using anywhere everywhere possible got bad feeling end,2026-04-15,1,Recent,0,False,Negative,0.9485,Negative,Negative,True
I'm honestly scared AI is going to make my role redundant in less than 2 years. How are people future-proofing your jobs?,PsychologicalPen3895,honestly accounting one logical obvious space eaten highly structured data purely defined input output obvious space disruption come mind,2026-04-15,7,Recent,1,False,Neutral,0.6523,Positive,Neutral,False
I'm honestly scared AI is going to make my role redundant in less than 2 years. How are people future-proofing your jobs?,TwoAlert3448,totally sue irs issue tax preparer worry much,2026-04-15,5,Recent,1,False,Negative,0.6551,Neutral,Negative,False
I'm honestly scared AI is going to make my role redundant in less than 2 years. How are people future-proofing your jobs?,mx5plus2cones,mean sure hasnt eliminated job yet agent lab run lot free time someone need occasionally sweep floor frankly roombas still suck real world environment probably explains went year need people skill understand system understand put thing together dont need many python coder frankly consulting slop work thanks playing nice day,2026-04-15,1,Recent,0,False,Negative,0.7344,Positive,Negative,False
I'm honestly scared AI is going to make my role redundant in less than 2 years. How are people future-proofing your jobs?,scrantonparkour,answer coming lol anyways agreed level typical swe using fit,2026-04-15,1,Recent,0,False,Neutral,0.5236,Positive,Neutral,False
I'm honestly scared AI is going to make my role redundant in less than 2 years. How are people future-proofing your jobs?,Virtual_Law_9211,waymo crazy expensive sensor suite software stack rare year two ago holding back sensor get cheaper software improves wave hitting everywhere soon,2026-04-15,1,Recent,1,False,Neutral,0.5853,Negative,Neutral,False
I'm honestly scared AI is going to make my role redundant in less than 2 years. How are people future-proofing your jobs?,Humble_Hurry9364,unnecessary understood everyone else,2026-04-15,-11,Recent,1,False,Neutral,0.6247,Negative,Neutral,False
I'm honestly scared AI is going to make my role redundant in less than 2 years. How are people future-proofing your jobs?,TwoAlert3448,wake every single morning thinking new way complete utter asshole mean possibly take away least got hold dude legit intolerable reason,2026-04-15,2,Recent,1,False,Negative,0.9339,Neutral,Neutral,False
I'm honestly scared AI is going to make my role redundant in less than 2 years. How are people future-proofing your jobs?,Humble_Hurry9364,even right maybe soon matter come point btw car see around currently fully autonomous technological gap one reason cost chicken egg situation main reason ethic regulation short human decision argument letting majority car around drive autonomously going debate either technology available,2026-04-16,1,Recent,1,False,Neutral,0.7753,Positive,Neutral,False
I'm honestly scared AI is going to make my role redundant in less than 2 years. How are people future-proofing your jobs?,Keep_ThingsReal,probably depends industry daily work look like particular industry hiring vendor house swe right swe focus internally live competency direct hire people governance obviously able evaluate vendor claim understand risk deeply,2026-04-15,1,Recent,0,False,Neutral,0.8718,Positive,Neutral,False
I'm honestly scared AI is going to make my role redundant in less than 2 years. How are people future-proofing your jobs?,Keep_ThingsReal,prompted extract training executive panel could highlight hiring someone high proficiency needed higher salary applicant lower level competency range specific skillset need people word speaker note work space time write custom response every person snarky still think worth highlighting people realize vast range competency dropping commenter would benefit people might well going spend time retooling explanation already done random person internet google want rephrased ask,2026-04-15,1,Recent,0,False,Neutral,0.7312,Neutral,Neutral,True
I'm honestly scared AI is going to make my role redundant in less than 2 years. How are people future-proofing your jobs?,Humble_Hurry9364,offence style reply eerily similar chatgpt summarise repeat word vibe,2026-04-17,1,Recent,1,False,Neutral,0.8817,Neutral,Neutral,True
I'm honestly scared AI is going to make my role redundant in less than 2 years. How are people future-proofing your jobs?,Humble_Hurry9364,deduce fact see driving around cause necessarily technological believe possible saw car drive autonomously year ago side anecdote sole source belief year ago went tesla dealership near asked demo drive car driving around staff told car perfectly capable local legislation allow autonomous drive capability switched lane centering tailing distance still available said buy car legislation changed full capability enabled remotely via code,2026-04-18,1,Recent,1,False,Neutral,0.733,Positive,Neutral,False
I'm honestly scared AI is going to make my role redundant in less than 2 years. How are people future-proofing your jobs?,YakFull8300,deduce fact see driving around cause necessarily technological deducing year research done autonomous system phd,2026-04-18,1,Recent,1,False,Neutral,0.8571,Positive,Neutral,False
Is AI Really Going to Take Over Jobs? Or Is This Just Another Tech Bubble?,Optimal_Beyond_1600,already replaced lot entry level job job loss actually form permanently reduced headcount rather layoff firing continue replace entry mid level white collar job plateau instead senior manager integrated daily function role,2026-03-18,1,Recent,1,False,Negative,0.6784,Neutral,Negative,False
Is AI Really Going to Take Over Jobs? Or Is This Just Another Tech Bubble?,NutzNBoltz369,job bummer job phased higher pay scale much knock effect broader economy maker end becoming taker trickle might happen money rolling hill much shit roll hill,2026-03-18,1,Recent,0,False,Negative,0.8027,Positive,Negative,False
Is AI Really Going to Take Over Jobs? Or Is This Just Another Tech Bubble?,whatdoido8383,work slowing hiring automate increase efficiency cutting job yet could see lot paper pusher elder older manual work unwilling unable learn could replaced backfilled imo weird time next year balance integration keeping job around whole system going crumble totally fine automate use etc also would need come reduction hour way people continue make money using reduce workforce save money labor seems extremely short sighted someone better long term plan,2026-03-19,1,Recent,1,False,Negative,0.6694,Neutral,Negative,False
Is AI Really Going to Take Over Jobs? Or Is This Just Another Tech Bubble?,NashDaypring1987,either way crisis take job people pay mortgage thing fall apart company fail cause job lost fails company realize wasted money cut job cut cost thing fall apart company fail cause job lost,2026-03-23,1,Recent,1,False,Negative,0.8577,Negative,Negative,True
Is AI Really Going to Take Over Jobs? Or Is This Just Another Tech Bubble?,That_Individual1,want clarify single job lost medicine even radiology massive shortage radiologist,2026-03-18,1,Recent,0,False,Negative,0.7846,Neutral,Negative,False
Is AI Really Going to Take Over Jobs? Or Is This Just Another Tech Bubble?,Academic-Drink-21,real threat offshoring hiring staff abroad specifically india latam training staff abroad training tor replace,2026-03-18,1,Recent,0,False,Neutral,0.5941,Positive,Negative,False
Is AI Really Going to Take Over Jobs? Or Is This Just Another Tech Bubble?,Sweetsaddict_,marketing communicator doctor engineer strategist lawyer unaffected mostly,2026-03-18,0,Recent,0,False,Neutral,0.7276,Positive,Neutral,False
Is AI Really Going to Take Over Jobs? Or Is This Just Another Tech Bubble?,MaximumNo3846,engineer manufacturing large tech company bos told learn technician better whether method feel kinda bad acting friendly knowing come might jeopardize career anyone telling bubble professional experience field,2026-03-21,0,Recent,1,False,Negative,0.5561,Neutral,Negative,False
Is AI Really Going to Take Over Jobs? Or Is This Just Another Tech Bubble?,BrilliantNet5920,would think people pay income contributing,2026-03-18,0,Recent,1,False,Neutral,0.7971,Neutral,Neutral,True
Is AI Really Going to Take Over Jobs? Or Is This Just Another Tech Bubble?,Successful-Jelly-772,please shut fuck used programmer must good one,2026-03-18,2,Recent,0,False,Negative,0.8472,Positive,Negative,False
Is AI Really Going to Take Over Jobs? Or Is This Just Another Tech Bubble?,deleted,saying speculative whole may plateau spectulative may may could also plateau exponential growth buddy work development designed replace job certain job replaced year might right might wrong people said level thing would happen year ago last week uploaded first fly brain neuronal connection digital space rather tell people prepared taking job inevitable maybe year year likely year extremely likely year guaranteed simply byproduct human ingenuity technological development,2026-03-18,1,Recent,0,False,Neutral,0.8062,Neutral,Neutral,True
Is AI Really Going to Take Over Jobs? Or Is This Just Another Tech Bubble?,Cat_Slave88,fair ask million people get physical job probably got back pain carpal tunnel decade,2026-03-19,1,Recent,0,False,Negative,0.5893,Positive,Negative,False
Is AI Really Going to Take Over Jobs? Or Is This Just Another Tech Bubble?,er824,thinking assume computer able sufficiently powerful neural network,2026-03-18,1,Recent,0,False,Neutral,0.7463,Positive,Neutral,False
Is AI Really Going to Take Over Jobs? Or Is This Just Another Tech Bubble?,upthedips,die struggle subsistence level existence outside walled city wealthy,2026-03-18,1,Recent,0,False,Negative,0.5459,Positive,Negative,False
Is AI Really Going to Take Over Jobs? Or Is This Just Another Tech Bubble?,seriousbangs,militarized police force put mass revolt ease dragging military george washington complained uselessness non professional soldier able violent revolution year fuck supply chain people starve clean water,2026-03-19,1,Recent,0,False,Negative,0.9458,Neutral,Negative,False
"What happens to people who are already jobless in an AI-driven, oversaturated job market?",pennyauntie,look italian worker cooperative model fresh idea remarkable concept networking coop example start local hamburger shop purchasing ingredient coop becomes self generating system employment plus folk shat employer flock alternative corporate business,2026-01-10,387,Recent,2,False,Neutral,0.5615,Positive,Neutral,False
"What happens to people who are already jobless in an AI-driven, oversaturated job market?",flashn00b,real answer quietly accepting million people gradually drift extreme poverty system working intended expect resulting loss life resulting extreme poverty spun medium unemployment went,2026-01-10,33,Recent,0,False,Negative,0.7185,Neutral,Negative,False
"What happens to people who are already jobless in an AI-driven, oversaturated job market?",Durzel,boggles mind elite selling lie free human race whatever want people swallowing fantasy without thinking billionaire worship blinding load money could anything say wrong lie going robot going give people money live chilling able afford utility food without job socialist universal basic income false idol hate whole concept paid labour rest job goal life indentured servant people managed get water line swallow everything great set everyone else looking great,2026-01-10,50,Recent,0,False,Negative,0.5595,Neutral,Negative,False
"What happens to people who are already jobless in an AI-driven, oversaturated job market?",Deweydc18,something spectrum two scenario first mankind transition economic system one provides freeing humanity drudgery allowing unprecedented era well prosperity leisure freedom second see level wealth concentration never existed planet intellectual labor obviated hundred million across developed developing world find unemployed unemployable people become homeless people hungry people turn crime people die,2026-01-10,5,Recent,0,False,Neutral,0.506,Positive,Neutral,False
"What happens to people who are already jobless in an AI-driven, oversaturated job market?",deleted,another industrial revolution final revolution one allow replace human either government introduce basic income revolution,2026-01-10,6,Recent,0,False,Neutral,0.7794,Neutral,Neutral,True
"What happens to people who are already jobless in an AI-driven, oversaturated job market?",wizzard419,skilling work either trade school graduate facing exact issue university grad job worse trade one since like could try get office job search,2026-01-11,3,Recent,0,False,Negative,0.89,Neutral,Negative,False
"What happens to people who are already jobless in an AI-driven, oversaturated job market?",buckeyevol28,mean report released many job replaced likely job replaced nothing guess thought obvious great economy lot uncertainty likely result layoff looking like corporate fiction masking darker reality oxford economics suggests,2026-01-10,2,Recent,2,False,Negative,0.6061,Positive,Negative,False
"What happens to people who are already jobless in an AI-driven, oversaturated job market?",Goombah11,homeless starve death die easily curable disease,2026-01-10,2,Recent,0,False,Negative,0.8753,Positive,Negative,False
"What happens to people who are already jobless in an AI-driven, oversaturated job market?",PraetorianAE,taking many job tech guru would like believe,2026-01-11,2,Recent,0,False,Neutral,0.7326,Positive,Neutral,False
"What happens to people who are already jobless in an AI-driven, oversaturated job market?",LanceLynxx,stop kid mean raise,2026-01-11,2,Recent,0,False,Negative,0.8487,Negative,Negative,True
"What happens to people who are already jobless in an AI-driven, oversaturated job market?",wayanonforthis,take menial job find fulfilment work artist writer musician car home family happy,2026-01-11,1,Recent,0,False,Positive,0.6072,Positive,Positive,True
"What happens to people who are already jobless in an AI-driven, oversaturated job market?",SnoozingBasset,people retrain new opportunity develop happened industrial revolution suddenly cheap cloth manufactured shoe etc powered equipment came construction think hydraulics need men dig ditch notice score idle ditch digger standing around used take whole gang men pour curb curb crew curb machine people survey crew three people one guy satellite hookup hoard unemployed surveyor shortage computer arrived whole floor administration building vacant time shock people involved opportunity developed see coming start looking opportunity,2026-01-11,0,Recent,0,False,Neutral,0.7142,Positive,Negative,False
"What happens to people who are already jobless in an AI-driven, oversaturated job market?",KeiSinCx,ubi never happening one job one money one consume everything collapse along balance without balance revolt anarchy one reason anyway answer odd job whatever required plenty job career hand different story,2026-01-11,0,Recent,0,False,Negative,0.6947,Neutral,Negative,False
"What happens to people who are already jobless in an AI-driven, oversaturated job market?",IcarusActual,watched youtube video today,2026-01-11,4,Recent,0,False,Neutral,0.8571,Neutral,Neutral,True
"What happens to people who are already jobless in an AI-driven, oversaturated job market?",Acrobatic_Dog_1461,create new medieval society outside world,2026-01-12,1,Recent,1,False,Neutral,0.8199,Neutral,Negative,True
"What happens to people who are already jobless in an AI-driven, oversaturated job market?",NEWFACEHATESYOU,fear every day future daughter stuck immense amount guilt bringing world love anything happy still feel terrible subjecting life going nothing difficult greedy fuck think anyone,2026-01-10,77,Recent,0,False,Negative,0.9353,Neutral,Negative,False
"What happens to people who are already jobless in an AI-driven, oversaturated job market?",emac1211,agree also think people sink poverty cannot find work capitalist struggle sell product also need consumer make money consumer class start significantly shrink could see focusing market better safety net sell good though become even polarized extreme wealthy everyone else,2026-02-07,1,Recent,1,False,Negative,0.5954,Positive,Negative,False
"What happens to people who are already jobless in an AI-driven, oversaturated job market?",DiligentMission6851,pretty much layoff hit right parallel boom able get back field would someone hiring software want especially two year career gap,2026-01-12,8,Recent,1,False,Neutral,0.6973,Positive,Neutral,False
"What happens to people who are already jobless in an AI-driven, oversaturated job market?",GossamerGlowlimb,new skill done would job require physical human labor enough work field around,2026-01-14,2,Recent,0,False,Neutral,0.7992,Neutral,Neutral,True
"What happens to people who are already jobless in an AI-driven, oversaturated job market?",PurpleDancingGoat,way forward socialist egalitarian revolution way screw majority human population,2026-01-10,14,Recent,0,False,Negative,0.5422,Neutral,Negative,False
"What happens to people who are already jobless in an AI-driven, oversaturated job market?",2_Fingers_of_Whiskey,greedy billionaire politician never give ubi especially even give universal healthcare,2026-01-13,2,Recent,0,False,Negative,0.8846,Neutral,Negative,False
"What happens to people who are already jobless in an AI-driven, oversaturated job market?",Angel2121md,another great depression,2026-01-13,3,Recent,1,False,Positive,0.3774,Positive,Positive,True
"What happens to people who are already jobless in an AI-driven, oversaturated job market?",2_Fingers_of_Whiskey,already happening,2026-01-13,3,Recent,0,False,Neutral,0.7354,Neutral,Neutral,True
"What happens to people who are already jobless in an AI-driven, oversaturated job market?",Mikeshaffer,gonna hire contractor work house contractor,2026-01-10,3,Recent,0,False,Neutral,0.8384,Neutral,Neutral,True
"What happens to people who are already jobless in an AI-driven, oversaturated job market?",pennyauntie,see example large successful coop,2026-01-12,1,Recent,2,False,Positive,0.5472,Positive,Neutral,True
"What happens to people who are already jobless in an AI-driven, oversaturated job market?",Ornery-Creme-2442,welcome last century human history amazing specie,2026-01-11,10,Recent,1,False,Positive,0.9725,Positive,Positive,True
"What happens to people who are already jobless in an AI-driven, oversaturated job market?",Smoy,feel honestly rediculous take life average poor person today still better king queen year ago hell even dystopian future going better healthcare human history,2026-01-11,-7,Recent,0,False,Positive,0.4366,Positive,Positive,True
"What happens to people who are already jobless in an AI-driven, oversaturated job market?",magpie0000,dark dystopic future already people disabled earn living really think phrase,2026-02-15,2,Recent,1,False,Negative,0.8738,Neutral,Negative,False
"What happens to people who are already jobless in an AI-driven, oversaturated job market?",shruffles,population bust slowly starting economic downturn global relation cooling late stage capitalism profit everywhere need downsize pretend pivot maintain revenue level continue groxth instead reality need lay people maintain level financial result pretend make short term working ever left,2026-01-11,22,Recent,0,False,Negative,0.6113,Neutral,Negative,False
"What happens to people who are already jobless in an AI-driven, oversaturated job market?",Angel2121md,look hyundai plant atlas new humanoid company way ahead thought company would,2026-01-13,1,Recent,1,False,Positive,0.831,Positive,Positive,True
"What happens to people who are already jobless in an AI-driven, oversaturated job market?",Angel2121md,ubi enough people loot riot poverty ubi like social security pay little many retiree get like per month,2026-01-13,1,Recent,1,False,Negative,0.8425,Neutral,Negative,False
"What happens to people who are already jobless in an AI-driven, oversaturated job market?",thinking_byte,yeah think uncomfortable truth lot future already unevenly distributed labeled crisis yet people surviving thinner margin less stability stress baked everyday life system seems better normalizing state fixing see policy usually reacts year damage done gap lot quiet suffering sits show cleanly unemployment number,2026-01-14,3,Recent,0,False,Negative,0.6381,Neutral,Negative,False
"What happens to people who are already jobless in an AI-driven, oversaturated job market?",SecondhandStoic,yeah point maybe part overpopulation problem feel like course capitalism work population like people globally merit helping fellow man general kind human,2026-01-11,1,Recent,0,False,Neutral,0.7008,Positive,Negative,False
"What happens to people who are already jobless in an AI-driven, oversaturated job market?",deleted,yeah probably right,2026-01-11,4,Recent,0,False,Neutral,0.6267,Positive,Neutral,False
"What happens to people who are already jobless in an AI-driven, oversaturated job market?",Existing-Raccoon-654,hit nail head unless people busy watching porn consuming virtual food remark seems like plausible outcome,2026-01-29,2,Recent,0,False,Negative,0.6139,Positive,Negative,False
"What happens to people who are already jobless in an AI-driven, oversaturated job market?",Delbert3US,need far back english history answer choice starvation life box wage need much full meal wonderous,2026-01-10,1,Recent,0,False,Negative,0.5865,Positive,Negative,False
"What happens to people who are already jobless in an AI-driven, oversaturated job market?",KeiSinCx,already money middle man missing history lesson society built empire falling revolt different people pushed far enough also need robot labour worthless coming future,2026-01-11,1,Recent,0,False,Negative,0.8692,Negative,Negative,True
"What happens to people who are already jobless in an AI-driven, oversaturated job market?",millennial_falcon,interested agree one egregious one along childcare child wife elder adult life need support,2026-01-11,10,Recent,0,False,Negative,0.617,Positive,Neutral,False
"What happens to people who are already jobless in an AI-driven, oversaturated job market?",Beneficial_Soup3699,actually delusional low cost abundant energy metered sold poor nothing last year recorded human history suggest anywhere near living type utopia describe literally built entire world economy governance system direct opposition,2026-01-10,33,Recent,1,False,Negative,0.8478,Neutral,Negative,False
"What happens to people who are already jobless in an AI-driven, oversaturated job market?",Emm_withoutha_L-88,literally stupid thinking cannot tesla really built bullshit many company lesser version stock market speculation,2026-01-11,2,Recent,0,False,Negative,0.9261,Neutral,Negative,False
"What happens to people who are already jobless in an AI-driven, oversaturated job market?",Superb_Raccoon,yes yes directly entire arguement based anti captialism one school thought derivative anti capitalist even word capitalist coined founder,2026-01-11,1,Recent,0,False,Negative,0.6608,Neutral,Neutral,False
"What happens to people who are already jobless in an AI-driven, oversaturated job market?",Dumcommintz,rather agi ever come think creativity ingenuity still offer lifeline mean creativity sense art though would also apply ability think outside box apply new technique etc llm iterating already known seen far rare discovery thing human field gotten yet borrow another productivity booster slop hallucination cause around incentive need change confidence correctness improve accuracy seem materializing yet,2026-01-11,1,Recent,0,False,Neutral,0.7034,Neutral,Positive,True
"What happens to people who are already jobless in an AI-driven, oversaturated job market?",FourSeventySix,demand going lot job restaurant meal instead somewhere europe good barber instead large well paid white collar base eat price unemployed pay even existing employment level service might much,2026-01-10,3,Recent,0,False,Neutral,0.6795,Neutral,Neutral,True
"What happens to people who are already jobless in an AI-driven, oversaturated job market?",ImTooCreative,rude copywriter advertising seen first hand typical junior copywriter stuff lower funnel copy like social medium etc done mid senior level copywriter effortless really consume time anymore apart client figure copywriting could said development bunch job magically got productivity boost invoice reflect doubtlessly lead job loss already bunch study published subject interested instead telling people internet want rip eyeball lol,2026-01-10,3,Recent,0,False,Negative,0.7792,Positive,Negative,False
"What happens to people who are already jobless in an AI-driven, oversaturated job market?",Naus1987,probably watch lot cop show interrogation real life crime lot older folk police force biggest thing ever learned ever detailed request lawyer refuse say anything even innocent police actual offender dead right try pin whoever else always know right,2026-01-14,1,Recent,1,False,Negative,0.6634,Positive,Negative,False
"What happens to people who are already jobless in an AI-driven, oversaturated job market?",kunjvaan,true country coop model work really well,2026-01-11,6,Recent,0,False,Positive,0.9303,Positive,Positive,True
"What happens to people who are already jobless in an AI-driven, oversaturated job market?",Tolopono,people selling tractor,2026-01-12,1,Recent,0,False,Neutral,0.7914,Neutral,Neutral,True
"What happens to people who are already jobless in an AI-driven, oversaturated job market?",Tinseltopia,future arrive inevitable lifetime unfortunately take systemic value change brought large population decline technology current socio economic system allow many people kill defend microscopic portion,2026-01-11,5,Recent,0,False,Negative,0.8541,Neutral,Negative,False
"What happens to people who are already jobless in an AI-driven, oversaturated job market?",Angel2121md,read robot understanding learn,2026-02-02,1,Recent,1,False,Neutral,0.8269,Neutral,Neutral,True
"What happens to people who are already jobless in an AI-driven, oversaturated job market?",Tolopono,sound like middleman skimping top providing nothing value lol,2026-01-15,1,Recent,0,False,Negative,0.8021,Positive,Negative,False
