Post_Title,Username,Comment,Date,Score
Bought iPhone 17 instead of Oneplus 15 and heavily regretting the decision,Fearless_Purchase406,want impressive fancy stuff would take samsung base using want often play game perfect heating issue manageable play game definitely heat issue overheating mention hardcore fan android would chose apple,2026-04-30,19
Bought iPhone 17 instead of Oneplus 15 and heavily regretting the decision,robblake44,question switch iphone loved android curious iphone pretty much whole way buddy got deal samsung used week gave back since phone sell worth something get one plus,2026-04-30,21
Bought iPhone 17 instead of Oneplus 15 and heavily regretting the decision,Ash16pm,sorry found great one best iphones ever battery life great last day remember small phone tried android via samsung couple time always came crawling back general people start android io stay life everyone people pro max better phone heavy user say battery shit small phone moderate enough bet used large android bug defence unacceptable found mine since io thing gotten much better improving would rather phone one plus tried pro awful thing ever touched life going leave least buy samsung massive step,2026-04-30,20
Bought iPhone 17 instead of Oneplus 15 and heavily regretting the decision,Soviet-Anime-Hunter,wanna ruin thing oneplus shutting part unless alright last phone better going another brand,2026-04-30,15
Bought iPhone 17 instead of Oneplus 15 and heavily regretting the decision,kuulenkylla,face siri work good one swipe search enough stay apple instead samsung android might bootleg zip tie trick almost imitate feature,2026-04-30,5
Bought iPhone 17 instead of Oneplus 15 and heavily regretting the decision,only2char,hardcore android issue android choose iphone first place know big battery size difference two,2026-04-30,3
Bought iPhone 17 instead of Oneplus 15 and heavily regretting the decision,Apollopayne,iphone nearly month got hot average hr screen time daily battery youtube call texting shopping social scrolling best iphone long time,2026-04-30,4
Bought iPhone 17 instead of Oneplus 15 and heavily regretting the decision,Gold-Unit-4093,always sell buy oneplus,2026-04-30,3
Bought iPhone 17 instead of Oneplus 15 and heavily regretting the decision,Ok_Advertising8511,iphone android samsung honor infinix say true battery life base decent way better samsung honor definitely infinix budget weak phone consume much battery enough whole day girlfriend last even day day pro max hardcore user bug happen io experience io since io never like io always like one new version add new stuff next one aim absolute optimisation io less stable io fully optimised always like surely say io way stable yeah io clearly unstable version ever agree current state io less stable smooth android like,2026-04-30,3
Bought iPhone 17 instead of Oneplus 15 and heavily regretting the decision,BriefAccomplished272,used oneplus half month battery amazing missed io software lmao camera average opposite bought iphone lol,2026-04-30,3
Bought iPhone 17 instead of Oneplus 15 and heavily regretting the decision,z3noo0,understand frustrating sometimes io specially accustomed android would highly suggest give time get accustomed io comfortable io going back always return io trying android switched ultra base iphone iphone better primary camera better ultrawide camera much much better front camera better speaker much better app compatibility much thing genuinely miss android keyboard notification system even enough ditch iphone give time see,2026-04-30,2
Bought iPhone 17 instead of Oneplus 15 and heavily regretting the decision,Sweet-Lack-86,qui fait pas iphone est oneplus depuis toujours sur iphone vous pensez pa tre content bah changez simplement,2026-04-30,2
Bought iPhone 17 instead of Oneplus 15 and heavily regretting the decision,Sagrada_Familia-free,wenn noch apple watch dazu kaufst wirst nicht mehr bereuen,2026-04-30,2
Bought iPhone 17 instead of Oneplus 15 and heavily regretting the decision,Status-Usual-6561,siri backed gemini coming pretty soon likely less powerful secure privacy oriented heard issue though iphone pretty powerful device consistent one day battery definitely going get level battery considering half battery capacity totally different phone experience really io great apple product care versatility definitely give week fan sell get good thing get best resale value compared phone market iphone hold price really well,2026-04-30,2
Bought iPhone 17 instead of Oneplus 15 and heavily regretting the decision,blue0231,one plus dog shit,2026-04-30,2
Bought iPhone 17 instead of Oneplus 15 and heavily regretting the decision,Dreadpirateflappy,switched samsung iphone amazing choice care want phone phone shit take nice picture battery last almost day base light use lasted around half time battery health shit year,2026-04-30,2
Bought iPhone 17 instead of Oneplus 15 and heavily regretting the decision,yezzedman,state base previous year experience io iphone surely believe statement time change platform trying iphone fun hence convince youtuber point statement valid different field different game next time try harder,2026-05-05,2
Bought iPhone 17 instead of Oneplus 15 and heavily regretting the decision,neperjr,asking think getting pro fix issue,2026-04-30,2
Bought iPhone 17 instead of Oneplus 15 and heavily regretting the decision,Murky_Fan_5483,switched android iphone couple month back far going great apart battery drain idle day tried oneplus store always impression iphones smooth man god damn smooth unbelievable instantly regretted buying instead plus bigger battery bonus cheaper dedicated telephoto lens understand going,2026-04-30,1
Bought iPhone 17 instead of Oneplus 15 and heavily regretting the decision,Ill-Plate-4575,definitely oneplus iphone oneplus battery life day night oneplus feel much snappier overall camera versatile gaming top notch charging speed insane compared iphone,2026-04-30,1
Bought iPhone 17 instead of Oneplus 15 and heavily regretting the decision,champagnepapi_7,yes battery life mid heat alot,2026-04-30,1
Bought iPhone 17 instead of Oneplus 15 and heavily regretting the decision,RoccoReviews,issue replaced base even worse got pro max replace even disappointed currently perfect although sometimes wish telephoto phone pixel pro though need iphone single camera,2026-04-30,1
Bought iPhone 17 instead of Oneplus 15 and heavily regretting the decision,Lucky_Outside_2009,iphone battery crushing every phone test start since recent update everyone know struggling meanwhile chose brand stable experience heating expected since cooling system like pro series samsung even fit vapor chamber cooling ultra thin edge titanium phone sure apple fit simple one base iphone heat biggest killer apparently base iphone cost cutting done well based leak regret getting pro tbh,2026-04-30,0
Bought iPhone 17 instead of Oneplus 15 and heavily regretting the decision,Planckarte,agree point coming pixel even mid range phone feel better everything come io bad nice interface already macbook apple ipad staying ecosystem man sad mac freaking great expecting iphones io lack every aspect,2026-04-30,0
Bought iPhone 17 instead of Oneplus 15 and heavily regretting the decision,Generalrossa,android better depending skin oem use always way versatile point smoother io lol,2026-04-30,0
Bought iPhone 17 instead of Oneplus 15 and heavily regretting the decision,Sandra_H_H,despite undoubtedly existing restriction camera battery pwm apple technological leadership remains uncontested competition various android satellite satellite emergency call faceid online offline backup entire device encrypted computer password set battalion apps exist android day including procamera goodreader goodnotes document leicacamera example others long lasting battery technology best resale six year update plus several year security update onward excelling video quality incl audio strict privacy policy including apple pay lockdown mode best instagram result high life expectancy due top performance processor good usability exemplary set barrier free function good voice recognition also offline inpressing ecosystem including hardware airtags airpods watch word android including oneplus many central basic still missing chn advantage given many top smartphones term camera battery technology cannot make shortcoming,2026-04-30,0
Bought iPhone 17 instead of Oneplus 15 and heavily regretting the decision,luizpaulo87,sai para iphone diferen termal gritante unica coisa que realmente sinto falta circular para pesquisar lente telefoto resto iphone ganha todos aspectos incrivelmente bateria,2026-05-03,2
Bought iPhone 17 instead of Oneplus 15 and heavily regretting the decision,Key-Consequence-2709,change bro always enjoy trying new thing regret come later lol,2026-04-30,-16
Bought iPhone 17 instead of Oneplus 15 and heavily regretting the decision,Riser_5888,justifying poor quality restricted us phone cost bomb lol,2026-04-30,-11
Bought iPhone 17 instead of Oneplus 15 and heavily regretting the decision,Key-Consequence-2709,wanted experience iphone life bought change,2026-04-30,-1
Bought iPhone 17 instead of Oneplus 15 and heavily regretting the decision,Otac_Velizar,day ago half hour screen time blew mind,2026-05-03,2
Bought iPhone 17 instead of Oneplus 15 and heavily regretting the decision,Key-Consequence-2709,nope shutting country,2026-04-30,1
Bought iPhone 17 instead of Oneplus 15 and heavily regretting the decision,Key-Consequence-2709,wait till someone steal device find face unreliable someone snatch phone unlocks using face fingerprint sensor reliable opinion,2026-04-30,2
Bought iPhone 17 instead of Oneplus 15 and heavily regretting the decision,Key-Consequence-2709,well changed device fun change experience good try new try thing every everyone complaining battery life apple providing unnecessary buggy software update uncommon get bug pay dollar phone different field different game experience premium missing understood point,2026-05-05,1
Bought iPhone 17 instead of Oneplus 15 and heavily regretting the decision,Key-Consequence-2709,idk io problem part pro also face draining issue well,2026-04-30,3
Bought iPhone 17 instead of Oneplus 15 and heavily regretting the decision,AutoModerator,subreddit account requirement broken rule account still active good standing please check notification information bot action performed automatically please contact moderator subreddit message compose question concern,2026-04-30,1
Bought iPhone 17 instead of Oneplus 15 and heavily regretting the decision,Key-Consequence-2709,yeah ikr hope get fixed io else done apple,2026-04-30,1
Bought iPhone 17 instead of Oneplus 15 and heavily regretting the decision,Unlikely-Wedding-975,yea man seeing hope patch,2026-04-30,-1
Bought iPhone 17 instead of Oneplus 15 and heavily regretting the decision,Common_Floor_7195,mac really great use professional purpose like using photoshop final cut pro editing photo video people professional use desktop laptop gaming done window time curious thought,2026-04-30,-2
Bought iPhone 17 instead of Oneplus 15 and heavily regretting the decision,Key-Consequence-2709,tried color try difference animation also minimal bug,2026-04-30,1
Bought iPhone 17 instead of Oneplus 15 and heavily regretting the decision,Key-Consequence-2709,yeah man really heavy gaming charge time day,2026-04-30,3
Bought iPhone 17 instead of Oneplus 15 and heavily regretting the decision,T-K101,many compared sale,2026-04-30,0
Bought iPhone 17 instead of Oneplus 15 and heavily regretting the decision,Fearless_Purchase406,also switched iphone iphone great experience honestly solid experience,2026-05-03,1
Bought iPhone 17 instead of Oneplus 15 and heavily regretting the decision,Repulsive-Degree-816,teria que comparar com iphone assim cil quem diria que ano seria pior que uau,2026-05-03,1
Bought iPhone 17 instead of Oneplus 15 and heavily regretting the decision,Fearless_Purchase406,bro try expensive okay iphone better pick rather pro good choice need regret think io fix bug,2026-04-30,10
Bought iPhone 17 instead of Oneplus 15 and heavily regretting the decision,robblake44,say give bit longer like easily sell get phone wanted hard one people know liked iphone went back samsung ultra,2026-04-30,11
Bought iPhone 17 instead of Oneplus 15 and heavily regretting the decision,Ash16pm,yea good phone battery life,2026-05-03,1
Bought iPhone 17 instead of Oneplus 15 and heavily regretting the decision,Wudu_Gang,use face unlock face attentive everything like android face us camera iphone actually biometric sensor screen,2026-05-03,1
Bought iPhone 17 instead of Oneplus 15 and heavily regretting the decision,Sideburn_Cookie_Man,funny pro issue io,2026-04-30,2
Bought iPhone 17 instead of Oneplus 15 and heavily regretting the decision,Sideburn_Cookie_Man,yes mac really great,2026-04-30,5
Bought iPhone 17 instead of Oneplus 15 and heavily regretting the decision,Wizard_of_Bore,game linux mac day window spyware,2026-04-30,4
Bought iPhone 17 instead of Oneplus 15 and heavily regretting the decision,Generalrossa,yeah seen video one phone look smooth,2026-04-30,0
Bought iPhone 17 instead of Oneplus 15 and heavily regretting the decision,neperjr,damn crazy time lot,2026-04-30,5
Bought iPhone 17 instead of Oneplus 15 and heavily regretting the decision,Unlikely-Wedding-975,damn thought normal,2026-04-30,1
Bought iPhone 17 instead of Oneplus 15 and heavily regretting the decision,luizpaulo87,goat do base nova gera,2026-05-04,2
Bought iPhone 17 instead of Oneplus 15 and heavily regretting the decision,luizpaulo87,problema que realmente tem diferen apenas gera problema que diferen foi gritante microlags com ram tem ram plus reiniciava muito aplicativos,2026-05-04,1
Bought iPhone 17 instead of Oneplus 15 and heavily regretting the decision,Key-Consequence-2709,well say got robbed damn youtubers glazing iphones every moment,2026-04-30,-11
Bought iPhone 17 instead of Oneplus 15 and heavily regretting the decision,bayfox88,face better faster coming hardcore android since iphone,2026-05-06,2
Bought iPhone 17 instead of Oneplus 15 and heavily regretting the decision,iphone17-ModTeam,wedding thank participating unfortunately submission breaking following rule kind others use insult reposting post moderator without express permission allowed please read reddiquette linked question comment concern message moderator reddiquette new content policy,2026-04-30,2
Bought iPhone 17 instead of Oneplus 15 and heavily regretting the decision,Beautiful_Mix8597,nobody said buy decided buy trashing phone android standard iphone meant certain type group one,2026-04-30,3
Bought iPhone 17 instead of Oneplus 15 and heavily regretting the decision,iphone17-ModTeam,thank participating unfortunately submission breaking following rule kind others use insult reposting post moderator without express permission allowed please read reddiquette linked question comment concern message moderator reddiquette new content policy,2026-04-30,2
Bought iPhone 17 instead of Oneplus 15 and heavily regretting the decision,Unlikely-Wedding-975,took searching battery issue argument still knw sale battery issue,2026-04-30,0
Bought iPhone 17 instead of Oneplus 15 and heavily regretting the decision,T-K101,regretting engaging dude asking real number,2026-04-30,2
Bought iPhone 17 instead of Oneplus 15 and heavily regretting the decision,Unlikely-Wedding-975,think every person world owns base model speak battery issue ppl accept without knowing problem,2026-04-30,-2
Bought iPhone 17 instead of Oneplus 15 and heavily regretting the decision,T-K101,bro originally asked simple question hope good exchange became defensive naturally started using hominem opinion based post nothing also sure device problem sold million good one,2026-04-30,2
Honest review,Euphoric-Ear9405,moved mini pro big upgrade,2026-03-03,11
Honest review,gary_oak16,amazing phone size perfect performance great handle every task ease really good camera feel like people exaggerate lot talk heating problem never issue germany seems like depends live battery life solid enough although admit great battery life even better regard thing see advantage everything else well think regret buying either,2026-03-03,7
Honest review,sriusbsnis,best thing usbc sure get new cable,2026-03-03,2
Honest review,Emotional-Mode1602,using battery life everything used capacity weight pro get used battery life carry power bank around series still worth,2026-03-03,2
Honest review,fackyouman,perfect upgrade also upgraded mini pro feel nice hand use light case key use black spigen case type mini battery fine easily better mini trip need preserve low power mode work fantastic honestly take battery life mean lighter phone pro enticing thermal fine get little hot warm outside mini would hot use time plugged using carplay,2026-03-03,2
Honest review,No_Assignment7385,went nothing great experience obviously bigger standard pro use one month back excellent phone great build screen performance camera name battery pro max great pro fair bit less might better mini thermal issue despite expecting cooler say definitely worth good luck search,2026-03-04,2
Honest review,trunks_ho,pro amazing know concerned thermal battery base iphone better,2026-03-04,2
Honest review,kennyballsack,far using well pro must say pro power button get way time accidentally clicking play game rotate phone screen slightly smaller maybe need getting used also video safari could played reason couldnt even load pro perhaps internet issue ouh camera fun amazing zoom quality got version,2026-03-04,2
Honest review,Junior_Persimmon_346,went mini pro happier,2026-03-04,2
Honest review,Leech-64,pro really solid phone upgraded miss,2026-03-04,2
Honest review,feelingrestless_,bought pro september upgrading mini size weight increase relatively easy adjust use case mini battery garbage pro show slight improvement least get workday honestly back forth pro time favorite iphone due apology beloved mini,2026-03-03,1
Honest review,Sparkyspacedragon,also consider base,2026-03-03,1
Honest review,ThrowRAMystic802,moved mini pro nov got used couple day tbh probably last pro phone manageable term screen size coming mini last pro phone screen say big compared recent iphones made love wish lighter like mini,2026-03-03,1
Honest review,throwaway3905463,love maybe would best newer design thermal issue fixed,2026-03-03,1
Honest review,arnaudoff,base pro owner year since released otoh recently played base say amazing,2026-03-07,1
Honest review,deleted,upgrade mini pro phone time consider pro pro max long time use like mini upto year one thing buy original condition well like chazing battey health stay original year old phone maintain health,2026-03-30,1
Honest review,vixany,battery life going good year half done thing keep happening otherwise distinctly great upgrade video excellent everything else edit add took road trip plugged using location map overheated,2026-03-04,1
Honest review,onkek,battery life indeed shit actually phone reasonable normal amount time make evening would strongly look pro beyond depending budget,2026-03-03,0
Honest review,Skm67gm,old pro terrible slow ran hot battery life awful,2026-03-04,0
Honest review,Temporary_Horror_120,whats biggest change,2026-03-03,2
Honest review,Temporary_Horror_120,thank neighbor poland last day,2026-03-03,3
Honest review,AssumptionLive1614,get battery percentage,2026-03-04,1
Honest review,Temporary_Horror_120,shouldnt problem,2026-03-03,1
Honest review,Temporary_Horror_120,good know battery life sir pro get thru day,2026-03-03,1
Honest review,HuckleCatt1,use encased rebel case really good light,2026-03-06,1
Honest review,Temporary_Horror_120,much diff mini pro battery life,2026-03-03,1
Honest review,Temporary_Horror_120,yeah even ordered know feel good also much fan design refurbished pro apple also cheaper thats considering,2026-03-03,1
Honest review,Temporary_Horror_120,battery life satisfied,2026-03-03,1
Honest review,Temporary_Horror_120,right price good even expensive base,2026-03-03,1
Honest review,Temporary_Horror_120,thanks tell like,2026-03-07,1
Honest review,Euphoric-Ear9405,mainly battery screen size,2026-03-03,3
Honest review,gary_oak16,greeting yes last whole day gaming regular use whatsapp google map bit youtube etc day come home writing lol,2026-03-03,3
Honest review,fackyouman,yep leave home like around like end day really power hour screen time fine,2026-03-03,1
Honest review,Leech-64,battery aging bit year hoping better battery life pro pro feel like battery pro new also io dumb liked way io looked way better edit btw also went mini pro loved mini transition pro comfortable,2026-03-04,2
Honest review,feelingrestless_,getting hour mini get around hour pro ymmv course,2026-03-03,1
Honest review,DogTweakin,considering base much rather someone used pro better battery life enough sway average also pro got warm reception apps like instagram,2026-03-03,1
Honest review,ThrowRAMystic802,yes cycle left get hour sot daily charge phone twice day rarely,2026-03-03,1
Honest review,arnaudoff,newest lineup cheaper price,2026-03-07,1
Honest review,Temporary_Horror_120,battery life good,2026-03-03,1
Honest review,oklch,use case battery last easy whole day phone since september plan change anytime soon really great phone,2026-03-03,3
Honest review,Temporary_Horror_120,casual game phone pro starting look even tempting,2026-03-03,1
Honest review,Temporary_Horror_120,true io didnt swap battery,2026-03-04,1
Honest review,Temporary_Horror_120,yeah mixed feeling like size design pro also price better,2026-03-03,1
Honest review,Temporary_Horror_120,great know thank,2026-03-03,1
Honest review,Temporary_Horror_120,guess thats acceptable,2026-03-03,1
Honest review,Temporary_Horror_120,right technical perspective big diff pro,2026-03-07,1
Honest review,Euphoric-Ear9405,honestly better mini sure compare pro max thinking upgrade,2026-03-03,1
Honest review,gary_oak16,yeah also plan use least year maybe change battery day even know love thing,2026-03-03,3
Honest review,gary_oak16,saying regret buying problem people describe somewhat exaggerated luxury problem applies though high end smartphones,2026-03-03,2
Honest review,Leech-64,ive tried self iphone broke volume button wasnt pay someone install new one also att got fantastic trade deal pretty much free year contract made sense,2026-03-04,1
Honest review,feelingrestless_,want add live hot humid climate experienced thermal issue game phone however,2026-03-03,2
Honest review,DogTweakin,reason consider want telephoto lens take advantage raw photo otherwise see advantage battery abysmal reception wifi okay cellular trust pretty bad idk future io update helped someone home time personally deal charging often also consider get software update imo colour option way better probably happy whichever way sweat much,2026-03-03,2
Honest review,XD_Abdullah,like said give better battery life love pro health give like hour sot annoying thermal issue real phone get warm alot doubt natural titanium soo pretty,2026-03-03,1
Honest review,Temporary_Horror_120,much better mini,2026-03-03,1
Honest review,Temporary_Horror_120,agree thank help,2026-03-03,2
Honest review,Temporary_Horror_120,understand thanks input,2026-03-04,2
Honest review,Temporary_Horror_120,neither use phone call texting social medium mostly looking something get thru day cause mini hard even new battery,2026-03-03,1
Honest review,Temporary_Horror_120,thank right mostly wifi would buy pro right concerned amount mixed comment battery heating,2026-03-03,1
Honest review,Temporary_Horror_120,thats color want buy sot battery considering apple refurbished new battery,2026-03-03,1
Honest review,XD_Abdullah,got like hr plus keep mind io since update got deteriorated massively,2026-03-03,1
Honest review,Temporary_Horror_120,reccomend upgrading,2026-03-03,1
Honest review,DogTweakin,wifi aint way got mixed usage,2026-03-03,1
Honest review,XD_Abdullah,worry happy help,2026-03-03,2
Honest review,Sparkyspacedragon,get support update probably,2026-03-04,1
Honest review,XD_Abdullah,yes wifi dont use cellular service,2026-03-03,1
"The iPhone 15 Pro Max is the worst iPhone I’ve ever owned, and I’ve had nearly every major one.",Radiofled,think got lemon pro max best phone ever,2025-04-06,74
"The iPhone 15 Pro Max is the worst iPhone I’ve ever owned, and I’ve had nearly every major one.",Manfred_89,best iphone ever experienced thing older iphones battery issue might show issue bad battery cause maybe getting new battery might fix stuff,2025-04-06,20
"The iPhone 15 Pro Max is the worst iPhone I’ve ever owned, and I’ve had nearly every major one.",Paradox_Timeless,must dud bud mine suffers none issue get checked apple,2025-04-06,13
"The iPhone 15 Pro Max is the worst iPhone I’ve ever owned, and I’ve had nearly every major one.",Red_Ryze_Alert,pro line immense heating issue true pro like month phone nice dare play demanding game take video long known issue pro line fixed,2025-04-06,10
"The iPhone 15 Pro Max is the worst iPhone I’ve ever owned, and I’ve had nearly every major one.",lucalmn,wild mine gas almost two year still work fucking perfect best six iphones owned tho return shit,2025-04-06,6
"The iPhone 15 Pro Max is the worst iPhone I’ve ever owned, and I’ve had nearly every major one.",Awkward-Queen-28,agree pro max worst iphone get overheating issue glitching freezing app crashing keyboard disappearing carplay issue beyond frustrating mine little year battery life complete garbage loses approx battery workday hardly phone day considering trading upgrade pro,2025-06-12,5
"The iPhone 15 Pro Max is the worst iPhone I’ve ever owned, and I’ve had nearly every major one.",PittsMaNews,blue iphone pro max never heating issue,2025-07-18,5
"The iPhone 15 Pro Max is the worst iPhone I’ve ever owned, and I’ve had nearly every major one.",salloumk,literally best iphone ever even kinda debatable due borderline big widespread touch sensitivity issue device,2025-04-06,3
"The iPhone 15 Pro Max is the worst iPhone I’ve ever owned, and I’ve had nearly every major one.",Environmental-Plan-9,still best model since max imo,2025-04-06,3
"The iPhone 15 Pro Max is the worst iPhone I’ve ever owned, and I’ve had nearly every major one.",Pretty-Pound-275,would take iphone back heartbeat got first iphone july april completely stopped working nothing worked fix chalked dud got replacement april started overheating week ago overheated multiple time day last day straight someone get lucky get lemon iphones unbelievable,2025-06-13,3
"The iPhone 15 Pro Max is the worst iPhone I’ve ever owned, and I’ve had nearly every major one.",bryanalexander,love got dud take apple stop complaining,2025-04-06,7
"The iPhone 15 Pro Max is the worst iPhone I’ve ever owned, and I’ve had nearly every major one.",theuniverseisgodvfdm,first got pro month came similar experience bought phone last many year first half year joy ride tbh love phone plan upgrading phone literally shuts fucking perfect heck aside usbc would nice reason upgrade even know people buy phone every year phone feel brand new,2025-04-06,2
"The iPhone 15 Pro Max is the worst iPhone I’ve ever owned, and I’ve had nearly every major one.",richardthe7th,appreciate taking time review processed return excellent condition ebay refurbished excellent problem returning ebay buye year issue biggest loser kind ever got burned iphone wife pro max blew speaker time never sounded clear much less good plus loud clear unfazed year constant use love ipad air gen gen learning like mini,2025-05-21,2
"The iPhone 15 Pro Max is the worst iPhone I’ve ever owned, and I’ve had nearly every major one.",easondakota,take every iphone pro max insanely slow time battery life drastically dropped couple month heating constantly youtube instagram screen freeze periodically simple thing like connecting wifi take age even recognize range constantly setting connecting back one else house wifi issue made jump,2025-06-11,2
"The iPhone 15 Pro Max is the worst iPhone I’ve ever owned, and I’ve had nearly every major one.",Charndawg,mine absolute nightmare fragility normal dropped plenty time never cracked screen screen protector case pro max whole time get screen fixed five time since february literally got screen fixed today getting lcd bleed despite single crack phone,2025-06-30,2
"The iPhone 15 Pro Max is the worst iPhone I’ve ever owned, and I’ve had nearly every major one.",n3dd3rs,agree fucking shit bluetooth utterly unreliable overheating barely use shit mobile connection allow data time basic usage phone call hit miss wifi connectivity utterly useless airdrop basically never work poor diction unable simple task via voice worst phone ever owned fucking dreadful,2025-07-08,2
"The iPhone 15 Pro Max is the worst iPhone I’ve ever owned, and I’ve had nearly every major one.",raspberryslushie21,would frequently overheat charging something lasted long aside issue mine,2025-04-06,1
"The iPhone 15 Pro Max is the worst iPhone I’ve ever owned, and I’ve had nearly every major one.",evnjim,issue mentioning seem software related hardware personally skipped model great battery life storage felt repetitive felt derivative early got bored last year explored galaxy ultra pixel pro similar considering android experience actually great also boring compromise suit day day need pretty similar friend large iphones however agree feel refined run cooler faster camera take marginally better photo processing perspective larger size slightly enhances big phone vibe really hard distinguish software level said phone running current version bug free right go beyond phone state software world graphic card driver cpu game list go give posted point lifecycle wait end tech tober make change,2025-04-06,1
"The iPhone 15 Pro Max is the worst iPhone I’ve ever owned, and I’ve had nearly every major one.",mx_xt,honestly never issue mine never even get warm really running public beta honestly surprised low rate bug sorry dealing issue personally overheating would returned unit replacement,2025-04-08,1
"The iPhone 15 Pro Max is the worst iPhone I’ve ever owned, and I’ve had nearly every major one.",FaithlessnessNo8123,work perfectly fine guy lately laggy super slow wonder iphone pro max,2025-04-21,1
"The iPhone 15 Pro Max is the worst iPhone I’ve ever owned, and I’ve had nearly every major one.",rtcser,people saying phone cool etc depends live live good winter apart charging time used longer duration loaded larger website summer heating even normal usage heat lot around camera even using camera play game understand hot keyboard glitch see close safari get keyboard back original state,2025-04-22,1
"The iPhone 15 Pro Max is the worst iPhone I’ve ever owned, and I’ve had nearly every major one.",Gopplee,agree wait pro max come,2025-06-04,1
"The iPhone 15 Pro Max is the worst iPhone I’ve ever owned, and I’ve had nearly every major one.",Own-Grapefruit7590,anyone issue able hear hear phone speaker told known issue look maybe much,2025-06-25,1
"The iPhone 15 Pro Max is the worst iPhone I’ve ever owned, and I’ve had nearly every major one.",legendinsomniac,sorry late party read glad people willing say iphone pro max suck upgraded four month ago disappointed ever since loved iphone pro max upgrade iphone max truly felt like upgrade phone performed well battery lasted long time never issue performance overheating keep mind game heavily called call duty mobile use external controller drain battery pro max really start noticing anything end life even nothing crazy noticeable iphone pro max however overheats bug run slow damn sure certain never seen screen reached refresh rate claim able phone mistake part waited seems like knew problem pro max listening instead fixing people attempting something least acknowledge issue simply diverted people attention long enough next model came low behold pro max seems delivering promise promax obviously heavy software factor default make pro max powerful part seems looking bought pro max fault considering bought almost year came knew report yet still impatient get said hey maybe flushed thing maybe next couple batch fixed,2025-07-11,1
"The iPhone 15 Pro Max is the worst iPhone I’ve ever owned, and I’ve had nearly every major one.",deleted,mine issue along camera lens bugging zoom apple replaced old pro max brand new one due camera issue said failed upon testing whatever issue old one worst iphone owned loved pro would still using one,2025-07-16,1
"The iPhone 15 Pro Max is the worst iPhone I’ve ever owned, and I’ve had nearly every major one.",Ok-Editor-1085,mine year half none problem main issue screen touch sensitivity sometimes feel like tap screen multiple time hold longer action happen iphone far worse experience charging issue within first month luckily right year warranty died putting charger one night woke phone turn back iphone could simple short dreaded year charging issue iphones seem never major issue,2025-08-05,1
"The iPhone 15 Pro Max is the worst iPhone I’ve ever owned, and I’ve had nearly every major one.",CorgiInitial5711,iphone pro max literally really annoys paid came since software update phone started heating alot struggle lot thing think great phone tbh maybe older phone like better,2025-09-10,1
"The iPhone 15 Pro Max is the worst iPhone I’ve ever owned, and I’ve had nearly every major one.",PsiTiger,fighting pro max since release date keyboard aligned like previous model terrible cellular connection basic web browings set lte serious overheat issue use case airflow notibly sluggish response connection delay regardless wifi cellular constant overlapping text image apps like amazon freeze ipad iphone sometimes power later day shut list endless experienced model since steve job passed away culture apple degraded steadily litigated found guilty pushing software update purposely amputated earlier model encourage folk buy newly available model several ethical decision brought question well made tube video creator able reproduce slew issue reported clear foundation framework need serious work instead moving forward implementation bell whistle ignoring core maintenance seem built top previous without cleanup antiquated code etc suspect long term supporter also likely run issue folk relatively new may issue dating back one point clear apple delete create new one know tied contributing picked oneplus issue connecting issue lag keyboard type perfectly wait see strange behavior present also tend use outlook microsoft edge sync computer favor multi apps rather apple specific apps difficulty apple ultra watch another disappointment course preference tied work flow scenario phone one person hand showing entirely different behavior used different person hope future model better gamble whether issue continue future model time anyone decide whether device use make use easier difficult look like apple moved far yes release intended time frame work need meet standard excellence assembly line distribution maybe reasonable explanation seen shared like transparent reliable company,2025-09-16,1
"The iPhone 15 Pro Max is the worst iPhone I’ve ever owned, and I’ve had nearly every major one.",kdahuncho,wow similar apple cycle went plus pro max pro max honestly phone good like decent get work done nothing special however favourite would loved sleek simple powerful performance touch seem get current pro max shame,2025-09-18,1
"The iPhone 15 Pro Max is the worst iPhone I’ve ever owned, and I’ve had nearly every major one.",MaskedMathematician,worst iphone ever owned constantly overheats lag sometimes charge,2025-10-01,1
"The iPhone 15 Pro Max is the worst iPhone I’ve ever owned, and I’ve had nearly every major one.",Tall_Cauliflower_494,mine worst iphone ever surprisingly issue battery life traded apple anything replicate flagship android great recommend samsung galaxy ultra maybe wait ultra,2025-10-03,1
"The iPhone 15 Pro Max is the worst iPhone I’ve ever owned, and I’ve had nearly every major one.",haarpia,feel apart feeling clunky heavy also give headache eye strain long get sick stomach like car sickness tried keeping phone airplane mode work content creator hardwired blue light protective screen brightness turned help little problem still persists fact using phone year whenever use tip nose get irritated actually see whitening skin tip nose away away phone return within minute worried phone emitting something maybe light maybe radiation anyone else experienced anything similar,2025-10-12,1
"The iPhone 15 Pro Max is the worst iPhone I’ve ever owned, and I’ve had nearly every major one.",sharkattaX9,agreed worst iphone ever owned cant wait dump piece junk also issue mentioned hoping pro max better,2025-10-23,1
"The iPhone 15 Pro Max is the worst iPhone I’ve ever owned, and I’ve had nearly every major one.",Due_Pianist_1472,feel pain going thing mention screen fragile idk thinking made trash,2025-11-04,1
"The iPhone 15 Pro Max is the worst iPhone I’ve ever owned, and I’ve had nearly every major one.",Awkward_Big1932,literally worst phone ever,2025-11-09,1
"The iPhone 15 Pro Max is the worst iPhone I’ve ever owned, and I’ve had nearly every major one.",gabyslavonija,agree especially battery suck,2025-11-12,1
"The iPhone 15 Pro Max is the worst iPhone I’ve ever owned, and I’ve had nearly every major one.",DryAcanthocephala225,pro seems worst one constantly glitching thinking giving mine sister currently using getting pro max,2025-11-14,1
"The iPhone 15 Pro Max is the worst iPhone I’ve ever owned, and I’ve had nearly every major one.",Cautious_Bag_4296,guy almost year battery capacity went normal,2025-11-25,1
"The iPhone 15 Pro Max is the worst iPhone I’ve ever owned, and I’ve had nearly every major one.",The_Awp,skill issue ngl iphone great dropped countless time quite clumsy excavation work fell shitty pocket digger track scratch heat problem whatsoever time heat using charging charger temp fine hearing simply defect mine normal better understand,2026-01-18,1
"The iPhone 15 Pro Max is the worst iPhone I’ve ever owned, and I’ve had nearly every major one.",Secret-Law-205,feel always loved iphones iphone pro max nothing one huge headache seems like apple would reach help loyal customer phone instead giving list fix many problem came,2026-03-12,1
"The iPhone 15 Pro Max is the worst iPhone I’ve ever owned, and I’ve had nearly every major one.",Sebas_Velezzz,year later ive owned iphone starting iphone absolutely without doubt worst iphone ever made miss pro max much phone glitch overheats freeze random shut offs randomly lock absolute pile garbage,2026-03-25,1
"The iPhone 15 Pro Max is the worst iPhone I’ve ever owned, and I’ve had nearly every major one.",GeneralEfficient3843,know posted problem phone heating burn whole screen overheating thing get warm night use heating pad sometimes wonder bad batch would look getting checked,2026-04-18,1
"The iPhone 15 Pro Max is the worst iPhone I’ve ever owned, and I’ve had nearly every major one.",Own-Science2279,auntie gifted product graduation iphone pro max one capitalist product ever price freaking frustrating use even casual didnt put game useless basic outdated feature plus freaking unnecessary inconvenient demand bare freaking minimum performance yet thing manage frustrate poor asf still bough new mid tier samsung phone never happy satisfied say thing overkill casual user thing insufficient actually,2026-04-28,1
"The iPhone 15 Pro Max is the worst iPhone I’ve ever owned, and I’ve had nearly every major one.",deleted,feel way mine get pretty hot wifi data extremely spotty struggled much software bug carplay car disconnect time even try different cable would upgrade willing big enough upgrade,2025-04-06,1
"The iPhone 15 Pro Max is the worst iPhone I’ve ever owned, and I’ve had nearly every major one.",No_Farm9324,terrible wifi moble bluetooth connection keyboard malfunction slow apps overheating bullshit hate phone seemed great first year use boom issue mentioned started creep everyday use rely iphone mainly work communication video social medium content apple ecosystem definitely feel stuck point really love mac io took last fall figure phone drop call always shitty service general system normal good testing hardware flip looking real apple liquid glass going cut better,2025-07-30,0
"The iPhone 15 Pro Max is the worst iPhone I’ve ever owned, and I’ve had nearly every major one.",Micronlance,iphones pro max first one made consider jumping ship overheating ridiculous even scrolling using note animation lag like old ipad io update break fix pro great camera build sure matter feel like hot glitchy mess half time apps freeze mid message yeah keyboard disappearing thing real small tip using clever cleaner free app clear duplicate photo find heavy movie compress live photo help little random slowdown obviously fix apple deeper issue,2025-05-02,8
"The iPhone 15 Pro Max is the worst iPhone I’ve ever owned, and I’ve had nearly every major one.",rfow,confirm wish traded mine went verizon wife offered ended free upgrade iphone pro trade even though back glass camera broken iphone pro max still kicking going get applecare swap really best phone ever,2025-04-06,3
"The iPhone 15 Pro Max is the worst iPhone I’ve ever owned, and I’ve had nearly every major one.",legendinsomniac,late reply dude pretty bad really depends using though suppose game heavily phone decently graphically intense game high frame rate codm even simple thing like watching video scrolling instagram would make phone get toasty,2025-07-11,2
"The iPhone 15 Pro Max is the worst iPhone I’ve ever owned, and I’ve had nearly every major one.",amonarre3,wife phone love shit still fast,2025-11-06,2
"The iPhone 15 Pro Max is the worst iPhone I’ve ever owned, and I’ve had nearly every major one.",npl1903,agree best phone,2025-08-04,1
"The iPhone 15 Pro Max is the worst iPhone I’ve ever owned, and I’ve had nearly every major one.",Techticalguy,second iphone pro max best iphone ever using seamlessly since launch upgraded iphone solid slim perfect overall,2026-03-10,1
"The iPhone 15 Pro Max is the worst iPhone I’ve ever owned, and I’ve had nearly every major one.",SecretAnt1018,first iphone uve owned lower version personally feel like pro promax better promax shit iam angry time want throw away ocean,2026-05-04,1
"The iPhone 15 Pro Max is the worst iPhone I’ve ever owned, and I’ve had nearly every major one.",batsilogqwe,agreed battery throw everything replacing try wall charger titanpower cable cooled battery seems last longer,2025-08-25,2
"The iPhone 15 Pro Max is the worst iPhone I’ve ever owned, and I’ve had nearly every major one.",Evo0004,thanks thanks people sub dick riding apple like crazy love apple think people mention bad thing,2025-04-06,5
"The iPhone 15 Pro Max is the worst iPhone I’ve ever owned, and I’ve had nearly every major one.",Other-Honeydew8267,mine either use mine much even auto lock sound like good batch bad batch,2025-09-10,2
"The iPhone 15 Pro Max is the worst iPhone I’ve ever owned, and I’ve had nearly every major one.",WomanofGuildedPages,thread trying nudge towards something new line none phone love available anymore may damaged first time,2025-07-09,1
"The iPhone 15 Pro Max is the worst iPhone I’ve ever owned, and I’ve had nearly every major one.",Gopplee,pro known one apple worst phone vouch,2025-06-04,5
"The iPhone 15 Pro Max is the worst iPhone I’ve ever owned, and I’ve had nearly every major one.",Evo0004,apple store country solution saying complaining someone share experience crazy work average,2025-04-06,2
"The iPhone 15 Pro Max is the worst iPhone I’ve ever owned, and I’ve had nearly every major one.",deleted,yes screen freezing remind lol mine stopped update battery terrible,2025-07-16,1
"The iPhone 15 Pro Max is the worst iPhone I’ve ever owned, and I’ve had nearly every major one.",haarpia,true airdrop garbage phone,2025-10-12,1
"The iPhone 15 Pro Max is the worst iPhone I’ve ever owned, and I’ve had nearly every major one.",Clear-Scene-4056,usi tramite app con safari,2025-09-23,1
"The iPhone 15 Pro Max is the worst iPhone I’ve ever owned, and I’ve had nearly every major one.",Evo0004,aggressive baby apple paying college intuition,2025-10-31,1
"The iPhone 15 Pro Max is the worst iPhone I’ve ever owned, and I’ve had nearly every major one.",lialemonadee,currently scrolling overheating,2025-06-16,2
"The iPhone 15 Pro Max is the worst iPhone I’ve ever owned, and I’ve had nearly every major one.",AffectionatePost2578,though pro literally better version pro every way literally difference extra button side everything else chip inside camera even thermal management gaming intensive task improvement pro amazing phone even better make sense,2025-10-31,1
"The iPhone 15 Pro Max is the worst iPhone I’ve ever owned, and I’ve had nearly every major one.",Radiofled,think got lemon could watch video scroll instagram hour without phone heating,2025-09-26,1
"The iPhone 15 Pro Max is the worst iPhone I’ve ever owned, and I’ve had nearly every major one.",AffectionatePost2578,pro max mine heat whatsoever outside gaming even take huge game like fortnite even hitman world assassination heat device barely,2025-10-31,1
"The iPhone 15 Pro Max is the worst iPhone I’ve ever owned, and I’ve had nearly every major one.",oceanic84,thing definitely bad product produce bad good experience inconsistent fabrication engineering discount either bad good experience overall good sign,2025-09-14,2
"The iPhone 15 Pro Max is the worst iPhone I’ve ever owned, and I’ve had nearly every major one.",Red_Ryze_Alert,yep many people watch mkbhd thats whole source info remember pro heated like crazy camera pro redesigned battery much better cooling problem stutter probably coming heat phone throttling device,2025-04-06,6
"The iPhone 15 Pro Max is the worst iPhone I’ve ever owned, and I’ve had nearly every major one.",Professional_Past923,issue heat charging mine month old,2025-09-11,1
"The iPhone 15 Pro Max is the worst iPhone I’ve ever owned, and I’ve had nearly every major one.",bryanalexander,call apple custi service need apple store phone,2025-04-12,1
"The iPhone 15 Pro Max is the worst iPhone I’ve ever owned, and I’ve had nearly every major one.",Mister_Musubi,pro max think apple issue think us way resource need miss apollo,2025-07-11,1
"The iPhone 15 Pro Max is the worst iPhone I’ve ever owned, and I’ve had nearly every major one.",Clear-Scene-4056,una domanda voi usate safari oppure dall app iphone plus uso tanto safari non mai avuto problemi,2025-09-23,1
"The iPhone 15 Pro Max is the worst iPhone I’ve ever owned, and I’ve had nearly every major one.",mx_xt,wait someone experienced issue experience legitimate someone dick riding apple lol wut fwiw pixel pro fantastic phone rock solid play fairly intensive game pro max also use literally hour stretch work never experienced stuttering overheating anything complaining also curious ever actually owned,2025-04-08,6
"The iPhone 15 Pro Max is the worst iPhone I’ve ever owned, and I’ve had nearly every major one.",Evo0004,solution recommend future trust future apple phone,2025-04-06,1
"The iPhone 15 Pro Max is the worst iPhone I’ve ever owned, and I’ve had nearly every major one.",Jorge_thecodeinist,trippin sub quite literally made cause someone got dud obviously people dud came complain anyways actually looking iphone pro max got tip get mine lmk,2025-06-25,1
"The iPhone 15 Pro Max is the worst iPhone I’ve ever owned, and I’ve had nearly every major one.",lialemonadee,use safari got new phone since anyway much better ahah,2025-09-26,1
"The iPhone 15 Pro Max is the worst iPhone I’ve ever owned, and I’ve had nearly every major one.",Recent_Birthday2727,yes overheats got slightly better thinking trading pro max series soon better selling waiting maybe stay away apple phone grab ipad instead,2025-05-23,1
"The iPhone 15 Pro Max is the worst iPhone I’ve ever owned, and I’ve had nearly every major one.",Red_Ryze_Alert,there solution phone battery anything recommend watching review big youtubers around sub still stick truth phone flaw buy day one gamble honestly however tested pro pro max plus sticked plus yes suck everything else better know pro line huge touch input problem paired screen protector issue pro pro nightmare write sentence without multiple letter missing problem exclusive pro line,2025-04-06,6
"The iPhone 15 Pro Max is the worst iPhone I’ve ever owned, and I’ve had nearly every major one.",bryanalexander,swappa back market great good price previous model,2025-06-29,1
"The iPhone 15 Pro Max is the worst iPhone I’ve ever owned, and I’ve had nearly every major one.",Evo0004,damn multi trillion company put extra money insuring shit like happen considering oneplus google pixel samsung also heard new galaxy problem idk might lower end phone insure company give best like nothing phone,2025-04-06,3
"The iPhone 15 Pro Max is the worst iPhone I’ve ever owned, and I’ve had nearly every major one.",Recent_Birthday2727,ended giving away gift overheating stopped update happy miss hey new thing coming line ugly still thinking pro max calling even buy mag safe cooler one already one gaming one help,2025-09-12,1
"The iPhone 15 Pro Max is the worst iPhone I’ve ever owned, and I’ve had nearly every major one.",Red_Ryze_Alert,also ultra week would recommend lol camera mediocre best seen quality midrange phone great try plus model get used really fast battery life exceptional,2025-04-06,3
"The iPhone 15 Pro Max is the worst iPhone I’ve ever owned, and I’ve had nearly every major one.",Evo0004,use lol kinda useable,2025-04-06,0
"The iPhone 15 Pro Max is the worst iPhone I’ve ever owned, and I’ve had nearly every major one.",rtcser,plus camera would ultra also suck visible plus model base using plus current evo samsung oneplus good used good also used pro best phone even loved dimensity never heated class product vivo lack feature,2025-04-22,1
