Post_Title,Username,Comment,Date,Score,Period,Bot_Score,Is_Bot
"People here who lost their jobs or will lose their jobs due to AI, how do you HONESTLY feel about it?",littlebuffbots,Scared.,2025-11-16,25,Old,5,True
"People here who lost their jobs or will lose their jobs due to AI, how do you HONESTLY feel about it?",emailtest4190,"distinct placid enter license flag engine smart enjoy sense soft

 *This post was mass deleted and anonymized with [Redact](https://redact.dev/home)*",2025-11-16,23,Old,6,True
"People here who lost their jobs or will lose their jobs due to AI, how do you HONESTLY feel about it?",Quirky_Dog6906,It is difficult to reconcile but there are good resources out there to re-tool your career to avoid job losses due to AI.  Try this: [AI-Safe.com](http://AI-Safe.com),2025-11-20,1,Old,3,True
"People here who lost their jobs or will lose their jobs due to AI, how do you HONESTLY feel about it?",ProfessionalCan6210,I think even developers will be losing their job in the next year. Someone even created this https://ismyjobnext.com that tells you when ai will take over your job,2026-01-06,0,Old,3,True
"People here who lost their jobs or will lose their jobs due to AI, how do you HONESTLY feel about it?",AlternativeApart6340,Nursing,2025-11-16,1,Old,3,True
"People here who lost their jobs or will lose their jobs due to AI, how do you HONESTLY feel about it?",Due-Ball-3090,There isn't...,2025-12-04,1,Old,3,True
"People here who lost their jobs or will lose their jobs due to AI, how do you HONESTLY feel about it?",AutoModerator,"Your comment has been automatically removed. [Your removed content.](https://www.reddit.com/r/singularity/comments/1oyt11n/people_here_who_lost_their_jobs_or_will_lose/np8oh8b/?context=3) If you believe this was a mistake, please contact the moderators.

*I am a bot, and this action was performed automatically. Please [contact the moderators of this subreddit](/message/compose/?to=/r/singularity) if you have any questions or concerns.*",2025-11-17,1,Old,5,True
"People here who lost their jobs or will lose their jobs due to AI, how do you HONESTLY feel about it?",kb24TBE8,https://preview.redd.it/mejg8i9jap1g1.jpeg?width=1284&format=pjpg&auto=webp&s=e87d9eda61f40cefa8f525270406570b79d1b50d,2025-11-17,1,Old,4,True
"People here who lost their jobs or will lose their jobs due to AI, how do you HONESTLY feel about it?",AutoModerator,"Your comment has been automatically removed. [Your removed content.](https://www.reddit.com/r/singularity/comments/1oyt11n/people_here_who_lost_their_jobs_or_will_lose/npitu8n/?context=3) If you believe this was a mistake, please contact the moderators.

*I am a bot, and this action was performed automatically. Please [contact the moderators of this subreddit](/message/compose/?to=/r/singularity) if you have any questions or concerns.*",2025-11-18,1,Old,5,True
"People here who lost their jobs or will lose their jobs due to AI, how do you HONESTLY feel about it?",AutoModerator,"Your comment has been automatically removed. [Your removed content.](https://www.reddit.com/r/singularity/comments/1oyt11n/people_here_who_lost_their_jobs_or_will_lose/npiu6kz/?context=3) If you believe this was a mistake, please contact the moderators.

*I am a bot, and this action was performed automatically. Please [contact the moderators of this subreddit](/message/compose/?to=/r/singularity) if you have any questions or concerns.*",2025-11-18,1,Old,5,True
"People here who lost their jobs or will lose their jobs due to AI, how do you HONESTLY feel about it?",AutoModerator,"Your comment has been automatically removed. [Your removed content.](https://www.reddit.com/r/singularity/comments/1oyt11n/people_here_who_lost_their_jobs_or_will_lose/npiue95/?context=3) If you believe this was a mistake, please contact the moderators.

*I am a bot, and this action was performed automatically. Please [contact the moderators of this subreddit](/message/compose/?to=/r/singularity) if you have any questions or concerns.*",2025-11-18,1,Old,5,True
Real talk - what’s the future with AI? Had a scare today,vervaincc,"What makes you think this coworker can predict the future?  
AI isn't capable of replacing even a junior dev right now.  It may be at some point in the future.  Nothing in AIs progress so far makes me think that future is anytime soon.",2025-07-30,11,Old,3,True
Real talk - what’s the future with AI? Had a scare today,Ok_Performance3280,"Pivot to more discipline-based, theory-riddled subsets of Compsci (e.g. embedded, systems programming, PLT, etc) and nudge up your degree (I've studied 3 + 2 semesters of SWE in a junior, and later a non-profit college, and I wish to get my associates from a correspondence college --- if your current degree is bachelor's, then aim for master's, etc). Publish papers and books (I, for example, am working on a book called _The Lisp Quintet_ where I implement 5 Lisps in 5 languages), give talks (they really boast your resume), create side-projects (I have [many](https://github.com/Chubek) if you want some influence or ideas), start your own company (will cost your nothing if you hire wisely and have everyone work remotely), even creating a blog or Youtube channel helps.

If you're worried that ""Well, if I pivot, others will pivot too..."", then know that making an embedded ANS FORTH (as I intend to to in the future) is much more difficult than say, making a TODO app. Resume of people with no projects to showcase they actually know their shit is thrown out by bots very easily. You need to make your resume with LaTeX and use `DocumentMetadata{}` command if you want bots to read your resume.

I am thankful for AI because it's given me the power to implement obscure algorithms, such as the Franta-Mally event set simulation algorithm. There's no info on it on the web. But since I had the paper, I gave excerpts of it to ChatGPT and it helped me implement it. Now I'll be making my own Cron daemon using an algorithm that none of the others use. 

Had I asked ChatGPT to 'implement me a cron daemon pls', it would have croaked. You can try it right now if you want. If you spend your time making intricate, complex side projects, then employers know you're valuable.",2025-07-30,0,Old,3,True
Real talk - what’s the future with AI? Had a scare today,AutoModerator,"Sorry, you do not meet the minimum sitewide comment karma requirement of **10** to post a comment. This is comment karma exclusively, not post or overall karma nor karma on this subreddit alone. Please try again after you have acquired more karma. Please look at the [rules page](https://old.reddit.com/r/cscareerquestions/w/posting_rules) for more information.

*I am a bot, and this action was performed automatically. Please [contact the moderators of this subreddit](/message/compose/?to=/r/cscareerquestions) if you have any questions or concerns.*",2025-07-31,1,Old,5,True
Real talk - what’s the future with AI? Had a scare today,AutoModerator,"Sorry, you do not meet the minimum sitewide comment karma requirement of **10** to post a comment. This is comment karma exclusively, not post or overall karma nor karma on this subreddit alone. Please try again after you have acquired more karma. Please look at the [rules page](https://old.reddit.com/r/cscareerquestions/w/posting_rules) for more information.

*I am a bot, and this action was performed automatically. Please [contact the moderators of this subreddit](/message/compose/?to=/r/cscareerquestions) if you have any questions or concerns.*",2025-08-01,1,Old,5,True
Real talk - what’s the future with AI? Had a scare today,AutoModerator,"Sorry, you do not meet the minimum sitewide comment karma requirement of **10** to post a comment. This is comment karma exclusively, not post or overall karma nor karma on this subreddit alone. Please try again after you have acquired more karma. Please look at the [rules page](https://old.reddit.com/r/cscareerquestions/w/posting_rules) for more information.

*I am a bot, and this action was performed automatically. Please [contact the moderators of this subreddit](/message/compose/?to=/r/cscareerquestions) if you have any questions or concerns.*",2025-08-01,1,Old,5,True
Real talk - what’s the future with AI? Had a scare today,AutoModerator,"Sorry, you do not meet the minimum sitewide comment karma requirement of **10** to post a comment. This is comment karma exclusively, not post or overall karma nor karma on this subreddit alone. Please try again after you have acquired more karma. Please look at the [rules page](https://old.reddit.com/r/cscareerquestions/w/posting_rules) for more information.

*I am a bot, and this action was performed automatically. Please [contact the moderators of this subreddit](/message/compose/?to=/r/cscareerquestions) if you have any questions or concerns.*",2025-08-01,1,Old,5,True
Real talk - what’s the future with AI? Had a scare today,AutoModerator,"Sorry, you do not meet the minimum sitewide comment karma requirement of **10** to post a comment. This is comment karma exclusively, not post or overall karma nor karma on this subreddit alone. Please try again after you have acquired more karma. Please look at the [rules page](https://old.reddit.com/r/cscareerquestions/w/posting_rules) for more information.

*I am a bot, and this action was performed automatically. Please [contact the moderators of this subreddit](/message/compose/?to=/r/cscareerquestions) if you have any questions or concerns.*",2025-12-17,1,Old,5,True
Real talk - what’s the future with AI? Had a scare today,AutoModerator,"Sorry, you do not meet the minimum sitewide comment karma requirement of **10** to post a comment. This is comment karma exclusively, not post or overall karma nor karma on this subreddit alone. Please try again after you have acquired more karma. Please look at the [rules page](https://old.reddit.com/r/cscareerquestions/w/posting_rules) for more information.

*I am a bot, and this action was performed automatically. Please [contact the moderators of this subreddit](/message/compose/?to=/r/cscareerquestions) if you have any questions or concerns.*",2025-12-17,1,Old,5,True
Real talk - what’s the future with AI? Had a scare today,AutoModerator,"Sorry, you do not meet the minimum sitewide comment karma requirement of **10** to post a comment. This is comment karma exclusively, not post or overall karma nor karma on this subreddit alone. Please try again after you have acquired more karma. Please look at the [rules page](https://old.reddit.com/r/cscareerquestions/w/posting_rules) for more information.

*I am a bot, and this action was performed automatically. Please [contact the moderators of this subreddit](/message/compose/?to=/r/cscareerquestions) if you have any questions or concerns.*",2025-12-31,1,Old,5,True
Real talk - what’s the future with AI? Had a scare today,AutoModerator,"Sorry, you do not meet the minimum sitewide comment karma requirement of **10** to post a comment. This is comment karma exclusively, not post or overall karma nor karma on this subreddit alone. Please try again after you have acquired more karma. Please look at the [rules page](https://old.reddit.com/r/cscareerquestions/w/posting_rules) for more information.

*I am a bot, and this action was performed automatically. Please [contact the moderators of this subreddit](/message/compose/?to=/r/cscareerquestions) if you have any questions or concerns.*",2026-02-04,1,Old,5,True
Real talk - what’s the future with AI? Had a scare today,AutoModerator,"Sorry, you do not meet the minimum sitewide comment karma requirement of **10** to post a comment. This is comment karma exclusively, not post or overall karma nor karma on this subreddit alone. Please try again after you have acquired more karma. Please look at the [rules page](https://old.reddit.com/r/cscareerquestions/w/posting_rules) for more information.

*I am a bot, and this action was performed automatically. Please [contact the moderators of this subreddit](/message/compose/?to=/r/cscareerquestions) if you have any questions or concerns.*",2026-02-27,1,Old,5,True
Real talk - what’s the future with AI? Had a scare today,AutoModerator,"Sorry, you do not meet the minimum sitewide comment karma requirement of **10** to post a comment. This is comment karma exclusively, not post or overall karma nor karma on this subreddit alone. Please try again after you have acquired more karma. Please look at the [rules page](https://old.reddit.com/r/cscareerquestions/w/posting_rules) for more information.

*I am a bot, and this action was performed automatically. Please [contact the moderators of this subreddit](/message/compose/?to=/r/cscareerquestions) if you have any questions or concerns.*",2026-02-28,1,Old,5,True
Real talk - what’s the future with AI? Had a scare today,AutoModerator,"Sorry, you do not meet the minimum sitewide comment karma requirement of **10** to post a comment. This is comment karma exclusively, not post or overall karma nor karma on this subreddit alone. Please try again after you have acquired more karma. Please look at the [rules page](https://old.reddit.com/r/cscareerquestions/w/posting_rules) for more information.

*I am a bot, and this action was performed automatically. Please [contact the moderators of this subreddit](/message/compose/?to=/r/cscareerquestions) if you have any questions or concerns.*",2026-03-01,1,Old,5,True
Real talk - what’s the future with AI? Had a scare today,TeraBaap172121414,I agree,2025-08-02,1,Old,3,True
Real talk - what’s the future with AI? Had a scare today,Automatic_Ring_7553,"The quality of newer models compared to their predecessors has been marginal over the past year if you've been paying attention at all. All of the recent developments (rag, agents, MCP, etc) are just advanced tooling, the only thing that's changed is the context window, and that has diminishing returns",2025-07-30,5,Old,4,True
Real talk - what’s the future with AI? Had a scare today,vervaincc,"AI isn't as skilled as a printing press at its given task.  
Also, calligraphers still exist.",2025-07-30,30,Old,3,True
Real talk - what’s the future with AI? Had a scare today,vervaincc,"Yeah, a lot of juniors think that.  
Actual devs aren't worried.",2026-01-14,2,Old,3,True
Real talk - what’s the future with AI? Had a scare today,Previous_Start_2248,"Check this for a summary on ai agents https://medium.com/@penkow/summary-of-googles-ai-white-paper-agents-d5670ae495c9

This for mcp servers https://www.anthropic.com/news/model-context-protocol

Its all a new field so you'll need to research and learn yourself mostly but once you get used to it, developing with ai can elevate your work.",2025-07-30,5,Old,3,True
Real talk - what’s the future with AI? Had a scare today,deleted,Yes. https://epoch.ai/data-insights/llm-inference-price-trends,2025-07-30,6,Old,4,True
Real talk - what’s the future with AI? Had a scare today,AutoModerator,"Sorry, you do not meet the minimum sitewide comment karma requirement of **10** to post a comment. This is comment karma exclusively, not post or overall karma nor karma on this subreddit alone. Please try again after you have acquired more karma. Please look at the [rules page](https://old.reddit.com/r/cscareerquestions/w/posting_rules) for more information.

*I am a bot, and this action was performed automatically. Please [contact the moderators of this subreddit](/message/compose/?to=/r/cscareerquestions) if you have any questions or concerns.*",2025-07-31,1,Old,5,True
Real talk - what’s the future with AI? Had a scare today,RailRuler,"Yes, I have. Sometimes they produce amazingly good results, better than I could ever write at my best, sometimes they produce absolute sludge that isnt even close to valid syntax. What's worse is when they produce something that looks good but has severe and subtle flaws that can't be easily remedied. In none of these cases does the ai show any conception of context or the code's role in the wider system.",2025-07-30,1,Old,3,True
Real talk - what’s the future with AI? Had a scare today,AutoModerator,"Sorry, you do not meet the minimum sitewide comment karma requirement of **10** to post a comment. This is comment karma exclusively, not post or overall karma nor karma on this subreddit alone. Please try again after you have acquired more karma. Please look at the [rules page](https://old.reddit.com/r/cscareerquestions/w/posting_rules) for more information.

*I am a bot, and this action was performed automatically. Please [contact the moderators of this subreddit](/message/compose/?to=/r/cscareerquestions) if you have any questions or concerns.*",2025-07-31,1,Old,5,True
Real talk - what’s the future with AI? Had a scare today,Personal-Reality9045,hahah yea.,2025-07-30,7,Old,3,True
Real talk - what’s the future with AI? Had a scare today,AutoModerator,"Sorry, you do not meet the minimum sitewide comment karma requirement of **10** to post a comment. This is comment karma exclusively, not post or overall karma nor karma on this subreddit alone. Please try again after you have acquired more karma. Please look at the [rules page](https://old.reddit.com/r/cscareerquestions/w/posting_rules) for more information.

*I am a bot, and this action was performed automatically. Please [contact the moderators of this subreddit](/message/compose/?to=/r/cscareerquestions) if you have any questions or concerns.*",2025-08-21,1,Old,5,True
Real talk - what’s the future with AI? Had a scare today,Automatic_Ring_7553,Lol you said the leap was crazy then went on to mention all of the advanced tooling you've built around it which was exactly the point I was trying to make,2025-07-30,8,Old,4,True
Real talk - what’s the future with AI? Had a scare today,vervaincc,"I have two painted portraits in my house...when you want a painted piece you go to a painter...   
AI isn't as skilled as a camera at its given task.",2025-07-30,14,Old,3,True
Real talk - what’s the future with AI? Had a scare today,vervaincc,"You seem to be missing the other sentence in my statement.  
There are still making money at these types of professions even though tools exist that do the same task nearly perfectly.  
AI does not do the job of a software engineer even close to perfectly, or even particularly well.  
And in the history of computing, nothing that has made developers faster has resulted in a long term reduction in developer demand.",2025-07-30,6,Old,3,True
Real talk - what’s the future with AI? Had a scare today,vervaincc,A few.  But you're also focusing on the analogy instead of the message.,2025-07-30,4,Old,3,True
Real talk - what’s the future with AI? Had a scare today,vervaincc,">Saying that ai possesses less skill is nonsensical. Neither possesses skill.

Arguing semantics is pretty lame.  You understood what I meant, you just wanted to feel ""right"".  

>AI is already fantastically productive

Not enough to replace a person.  Not even close.",2025-07-30,3,Old,3,True
"I am anxious because of AI, please help me",AutoModerator,"## Welcome to the r/ArtificialIntelligence gateway
### Question Discussion Guidelines

---

Please use the following guidelines in current and future posts:

* Post must be greater than 100 characters - the more detail, the better.
* Your question might already have been answered. Use the search feature if no one is engaging in your post.
    * AI is going to take our jobs - its been asked a lot!
* Discussion regarding positives and negatives about AI are allowed and encouraged. Just be respectful.
* Please provide links to back up your arguments.
* No stupid questions, unless its about AI being the beast who brings the end-times. It's not.

###### Thanks - please let mods know if you have any questions / comments / etc

*I am a bot, and this action was performed automatically. Please [contact the moderators of this subreddit](/message/compose/?to=/r/ArtificialInteligence) if you have any questions or concerns.*",2023-12-24,1,Old,3,True
"I am anxious because of AI, please help me",mdutAi,"u/justasluty Hi. I think you are thinking about very wrong ideas on this subject. I am a computer engineer. My field is Yapap intelligence. Here is the advice I want to give you. It's about the change that everyone notices. This change will change everything, yes. This will be inevitable. You may think that it has changed in the last year, but this has been an increasing process for the last 10 years. Openai company pulled the plug.

&#x200B;

Young friends, instead of being afraid of this issue, you should adapt and try to catch this change in the profession you choose. Career choice is important. For example, as you said, you can become a psychotherapist. This is one of the areas of interest in the Ai field. When you finish school, you can work with Ai to bring this field closer.

&#x200B;

Big changes create big opportunities. Just watch, listen, try to perceive and capture it from where you are best.

&#x200B;

Humans have evolved over thousands of years to this point, and this is the best example for our species. He who adapts, adapts and uses his competence best survives.

&#x200B;

You must let go of fear. Because it's so easy to be afraid. Focus on learning and improving yourself and don't turn your back on technology.",2023-12-25,2,Old,3,True
"I am anxious because of AI, please help me",AivronFox,"Your concerns are valid, but humans will always need to be involved in some job for liability sake.

An AI cannot be legally responsible for something that a human can be.

Even if AI augments or assists in a job a human will always be the last line before implementation.

A lawyer may use AI tools to do research, but they are the ones that need to go to court.

AI may help an engineer design a new device or process, but people will implement and have to make it a product.",2023-12-24,0,Old,3,True
"I am anxious because of AI, please help me",SustainedSuspense,I would still suggest some degree in STEM. There’s a lot of paths you can take with one of these.,2023-12-24,1,Old,3,True
"I am anxious because of AI, please help me",ninjasaid13,">What are your thoughts? What can you tell me to alleviate my AI-induced depression that has been going on for a year? And what course of study would you recommend?

AI won't replace artists in this generation, r/artificialintelligence is not a good representation of the field and they have overinflated expectations for AI.",2023-12-25,1,Old,3,True
"I am anxious because of AI, please help me",IversusAI,"A loom is a device designed to weave threads into cloth. The power loom was a steam-powered loom that mechanized the process, reducing the need for humans to oversee the weaving process.",2023-12-25,2,Old,3,True
I'm honestly scared AI is going to make my role redundant in less than 2 years. How are people future-proofing your jobs?,Limp-Plantain3824,There’s no guarantees in life.  Keep learning and stay flexible. ,2026-04-15,1,Recent,4,True
I'm honestly scared AI is going to make my role redundant in less than 2 years. How are people future-proofing your jobs?,pivoting_ai,"I like how you framed this. When I look at the people who are still in demand in my workplace, it’s rarely because they’re the fastest at the technical stuff — it’s because they’re the ones who can explain things clearly or make a call when the data is messy.

AI is great at generating options. It’s terrible at dealing with the politics, the trade‑offs, or the “this isn’t written anywhere but here’s how it actually works” parts of a job.

Those skills take time to build, but they’re not going anywhere.",2026-04-18,1,Recent,3,True
I'm honestly scared AI is going to make my role redundant in less than 2 years. How are people future-proofing your jobs?,Imaginary-Status4109,That’s funny!,2026-04-15,2,Recent,3,True
I'm honestly scared AI is going to make my role redundant in less than 2 years. How are people future-proofing your jobs?,TwoAlert3448,Auditing ,2026-04-15,1,Recent,3,True
I'm honestly scared AI is going to make my role redundant in less than 2 years. How are people future-proofing your jobs?,Virtual_Law_9211,Yes ,2026-04-15,1,Recent,3,True
I'm honestly scared AI is going to make my role redundant in less than 2 years. How are people future-proofing your jobs?,AssistantRegular4698,Amen 🙏 ,2026-04-15,2,Recent,3,True
Is AI Really Going to Take Over Jobs? Or Is This Just Another Tech Bubble?,EffectiveVarious8095,This was just published in the Washington Post: [*See which jobs are most threatened by AI and who may be able to adapt*](https://wapo.st/4uvCpcY),2026-03-18,1,Recent,3,True
Is AI Really Going to Take Over Jobs? Or Is This Just Another Tech Bubble?,Odd-Faithlessness705,"I highly suggest you think about how you feel about AI.

The things they mention might be true. If so, would you be in support of it or against it? You’re always welcome to change your mind but it’s kind of hard to change how you feel.

I personally hate AI. I’m not going to be very quiet about it, and I’m certainly not going to buy anything that uses AI in their marketing. I think it’s a value reductor, and I don’t think the benefits outweigh the costs.

But I’m not gonna tell you to not use AI. I think that’s something you need to figure out, and then live by! Just because you read it on the internet doesn’t mean it’s an inevitability.
",2026-03-18,1,Recent,3,True
Is AI Really Going to Take Over Jobs? Or Is This Just Another Tech Bubble?,RainyDayz876,"I'm more worried about an early 2000s type stock market crash similar to when the tech bubble burst.  

About 10 years ago, I remember hearing a lot about how driverless trucks were going to put truck drivers out of a job, yet there are still plenty of truck drivers today.  

I think the same thing is going on with AI, paranoia about huge job losses which probably won't happen.",2026-03-18,1,Recent,3,True
Is AI Really Going to Take Over Jobs? Or Is This Just Another Tech Bubble?,filmguy_1987,"I don’t think it’s a bubble. AI is going to be there for a while as it has already made a lot of people dependent on it and people have stopped using their brains. I think it’s how evolution works. Only thing that can burst this bubble is when big conglomerates realise using AI is not that cost effective as they foresaw. For example, in my industry- workload has increased but quality has dropped due to daily deliverables. This seems like good news for companies, but clients are wise now as well. They have literally reduced the budget in half or less. So profitability has gone slightly less than earlier but workload has increased and my company is spending more than ever now on AI tools where that money could have been spent on employees who were actually producing great work worth show off. Now it’s all AI, same thing everyday. There is this amazing [video](https://youtu.be/ejxqBZsdHpU?si=ahcdZmHLAAZmsusj) , I would encourage people to watch on this very topic.",2026-04-03,1,Recent,3,True
Is AI Really Going to Take Over Jobs? Or Is This Just Another Tech Bubble?,AstronautOwn3191,"Top 10 Jobs That Are Disappearing Because of AI
https://youtu.be/ec2azWCctIY",2026-04-09,1,Recent,6,True
Is AI Really Going to Take Over Jobs? Or Is This Just Another Tech Bubble?,krvillain,"I think it will replace some jobs, nothing hands on, nothing life or death since people won’t accept it currently, maybe in the future. Currently I think it’s a bubble, all these data centers will become useless, someone is going to win the race though and be hugely profitable. Currently what does ai do to justify the billions being spent? ",2026-03-18,0,Recent,3,True
"What happens to people who are already jobless in an AI-driven, oversaturated job market?",killerpuppytails,"\*Quietly?\* No. People are yelling about it, but protests to save lives are more important right now.

But yes, most countries don't care that people are going to live in extreme poverty, and they're cutting social services to make it worse.

This is why I know this is deliberate. This is an effort to get people to take extremely low wages for high-stress, toxic jobs. A lot of ppl who have been working with computers actually can't work in trades or in physical labor, so what do they do? They suffer.

It will backfire eventually, but I don't know if I'll be around to see it.",2026-01-10,35,Recent,3,True
"What happens to people who are already jobless in an AI-driven, oversaturated job market?",CTGO2020,"The village people collect out pitch folks and rally against the politicians and CEO's that instituted our demise or collect Universal Basic Income but in reality it'll be a yet another hot day in Climate Changed world where our collective leaders never face any consequences for the shitshow their short sighted decisions to make short-term gains with no long term planning for progressing society or the human race.

'They'(CEO's and politicians?) socialize costs by using tax payer monies to pay for expenditure via corporate welfare while privatizing profits. Corporations are profiteering immensely from gov subsidies. 

see how Gambling predicts the next recession https://www.youtube.com/watch?v=uvSFKsJnLo4",2026-01-11,1,Recent,3,True
"What happens to people who are already jobless in an AI-driven, oversaturated job market?",botgtk,"what happened to already jobless people in computer-driven, oversaturated job market? people really be thinking that this kind of technological shift that changes how we work is something new",2026-01-10,-7,Recent,3,True
"What happens to people who are already jobless in an AI-driven, oversaturated job market?",fail-deadly-,"There is already some local and open source AI that the non-ultra wealthy have access to. And the ultra wealthy still need some resources, so they are unlikely to just exit the economy. 

Additionally, AI only stops people from working when AI outperforms a person. If an AI isn’t producing for less or producing more for the same AI isn’t replacing people. ",2026-01-10,1,Recent,3,True
"What happens to people who are already jobless in an AI-driven, oversaturated job market?",sustainstack,"lol, outsourced our dystopian ai future predictions to ai.",2026-01-11,5,Recent,3,True
"What happens to people who are already jobless in an AI-driven, oversaturated job market?",violetauto,"Am I not understanding?   
  
For co-ops to work, there has to be some outside money coming in from somewhere. You can’t keep trading around the same $5. Yes, on a global scale we are all trading around the same $5, but smaller “bedroom” communities can’t do that. At least one or two independently wealthy families have to be in that community. Or, a good many of the members have to work elsewhere.",2026-01-11,7,Recent,3,True
"What happens to people who are already jobless in an AI-driven, oversaturated job market?",Munkeyman18290,"Heres the article. They disagree with you on productivity.

https://finance.yahoo.com/news/ai-layoffs-looking-more-more-210954693.html",2026-01-11,3,Recent,3,True
"What happens to people who are already jobless in an AI-driven, oversaturated job market?",Angel2121md,https://youtu.be/c-7kiT5rTKw?si=zUtrhAeUivn8NyTn,2026-01-13,2,Recent,5,True
